strain,date,state,county,country
1000-X70047,3/15/2020,WA,Pierce,USA
10028-F21970,5/29/2020,WA,King,USA
10029-F21926,5/29/2020,WA,King,USA
10031-F21931,5/29/2020,WA,King,USA
10036-F21965,5/29/2020,WA,King,USA
10039-F21925,5/29/2020,WA,King,USA
10040-F21927,5/29/2020,WA,King,USA
10042-F22003,5/29/2020,WA,King,USA
1005-X69709,3/14/2020,WA,King,USA
10088-F21994,5/29/2020,WA,King,USA
10089-F22005,5/29/2020,WA,King,USA
10090-F21907,5/29/2020,WA,King,USA
10091-F22002,5/29/2020,WA,King,USA
10093-F21936,5/29/2020,WA,King,USA
10094-F22013,5/29/2020,WA,King,USA
10102-F22012,5/29/2020,WA,King,USA
10106-F21905,5/29/2020,WA,King,USA
10107-F21935,5/29/2020,WA,King,USA
10108-F21932,5/29/2020,WA,King,USA
1011-X69274,3/14/2020,WA,King,USA
10110-F21960,5/29/2020,WA,King,USA
10114-F21989,5/29/2020,WA,King,USA
10117-F22023,5/29/2020,WA,King,USA
10118-F22011,5/29/2020,WA,King,USA
10127-F21910,5/29/2020,WA,King,USA
10128-F21950,5/29/2020,WA,King,USA
10129-F21995,5/29/2020,WA,King,USA
1013-X70162,3/15/2020,WA,Pierce,USA
10130-F21982,5/29/2020,WA,King,USA
10131-F21991,5/29/2020,WA,King,USA
10136-S81294,5/30/2020,WA,King,USA
10138-F22026,5/29/2020,WA,King,USA
10158-T20271,6/1/2020,WA,Pierce,USA
10159-T21284,6/2/2020,WA,King,USA
10161-T29399,6/2/2020,WA,King,USA
10163-M10823,6/1/2020,WA,Pierce,USA
10174-M92775,6/1/2020,WA,Chelan,USA
1018-M58579,3/16/2020,WA,King,USA
10185-M94804,6/1/2020,WA,King,USA
10187-M89458,6/1/2020,WA,King,USA
10189-T19943,6/1/2020,WA,Yakima,USA
10190-X49561,5/31/2020,WA,Pierce,USA
10191-M86762,6/1/2020,WA,King,USA
10197-M93397,6/1/2020,WA,King,USA
10199-M83693,6/1/2020,WA,King,USA
1020-M62499,3/16/2020,WA,King,USA
10206-X49555,5/31/2020,WA,Pierce,USA
1021-M62392,3/16/2020,WA,King,USA
10212-X49570,5/31/2020,WA,Pierce,USA
10213-X49594,5/31/2020,WA,Pierce,USA
10216-X49563,5/31/2020,WA,Pierce,USA
10217-S85431,5/30/2020,WA,Pierce,USA
10230-S85415,5/30/2020,WA,Pierce,USA
10231-S85411,5/30/2020,WA,Pierce,USA
1024-X70064,3/15/2020,WA,King,USA
10247-M10889,6/1/2020,WA,Pierce,USA
1025-F78935,3/13/2020,WA,King,USA
10250-M10916,6/1/2020,WA,Pierce,USA
10272-W84658,6/3/2020,WA,Pierce,USA
10277-T31182,6/2/2020,WA,Pierce,USA
10283-W81216,6/3/2020,WA,King,USA
10284-W81292,6/3/2020,WA,King,USA
10286-W81289,6/3/2020,WA,King,USA
10298-W81188,6/3/2020,WA,King,USA
10305-W87583,6/3/2020,WA,King,USA
10306-W81308,6/3/2020,WA,King,USA
1031-M62823,3/13/2020,MN,Olmsted,USA
10317-W93105,6/3/2020,WA,Pierce,USA
10339-X53611,6/7/2020,WA,King,USA
10365-W94273,6/3/2020,WA,Pierce,USA
1037-M61305,3/16/2020,WA,King,USA
10380-F29401,6/4/2020,WA,Yakima,USA
10381-F29437,6/4/2020,WA,Yakima,USA
10383-H28416,6/4/2020,WA,Pierce,USA
1039-M62096,3/14/2020,CT,Fairfield,USA
10392-F37095,6/5/2020,WA,King,USA
10394-F37094,6/5/2020,WA,King,USA
10396-F35735,6/5/2020,WA,King,USA
10402-F28198,6/5/2020,WA,King,USA
10403-F28261,6/5/2020,WA,King,USA
10404-F28221,6/5/2020,WA,King,USA
10408-F28276,6/5/2020,WA,King,USA
1041-M61875,3/13/2020,CT,Fairfield,USA
10411-F37363,6/5/2020,NA,NA,USA
10420-S87690,6/5/2020,WA,Pierce,USA
10424-S89454,6/5/2020,OR,Deschutes,USA
10435-S89137,6/6/2020,WA,King,USA
10438-S88173,6/6/2020,WA,King,USA
10439-F40369,6/5/2020,WA,Pierce,USA
10442-F40270,6/5/2020,WA,Pierce,USA
10444-F31144,6/6/2020,WA,King,USA
10447-F40492,6/5/2020,WA,Pierce,USA
10449-X53648,6/7/2020,WA,King,USA
10453-S93102,6/6/2020,WA,Pierce,USA
10455-S93147,6/6/2020,WA,Pierce,USA
10459-X54080,6/7/2020,WA,Spokane,USA
1046-M63014,3/16/2020,WA,King,USA
10464-S93132,6/6/2020,WA,Pierce,USA
10465-X55555,6/7/2020,WA,Pierce,USA
10471-X55580,6/7/2020,WA,Pierce,USA
10472-X55587,6/7/2020,WA,Pierce,USA
10473-X55519,6/7/2020,WA,Pierce,USA
10479-M19418,6/8/2020,WA,King,USA
1048-M61908,3/16/2020,WA,King,USA
10485-M22314,6/8/2020,WA,King,USA
10496-M22729,6/8/2020,WA,Chelan,USA
1050-M62712,3/16/2020,WA,King,USA
10501-M19137,6/8/2020,WA,Spokane,USA
10508-T33579,6/8/2020,WA,Pierce,USA
1051-M61033,3/16/2020,WA,King,USA
10510-F21958,5/29/2020,WA,King,USA
10511-F21952,5/29/2020,WA,King,USA
10512-F21951,5/29/2020,WA,King,USA
10521-F21954,5/29/2020,WA,King,USA
10523-F25788,5/29/2020,WA,King,USA
1053-M62959,3/16/2020,WA,King,USA
10530-F21966,5/29/2020,WA,King,USA
10531-T33301,6/8/2020,WA,Yakima,USA
10533-T42938,6/9/2020,WA,King,USA
1055-M59498,3/16/2020,WA,King,USA
10552-H31970,6/11/2020,WA,Pierce,USA
10582-H41694,6/11/2020,WA,King,USA
10588-H45376,6/11/2020,WA,Pierce,USA
10599-S13062,6/13/2020,WA,King,USA
10612-F55992,6/12/2020,WA,Jefferson,USA
10613-F50434,6/12/2020,WA,Grant,USA
10621-T46508,6/9/2020,WA,King,USA
1064-M63188,3/13/2020,MN,Olmsted,USA
10648-T45709,6/9/2020,WA,Snohomish,USA
10652-T34905,6/9/2020,WA,Okanogan,USA
10653-T45718,6/9/2020,WA,Snohomish,USA
10654-T44590,6/9/2020,WA,Pierce,USA
10655-T44574,6/9/2020,WA,Pierce,USA
10658-T42988,6/9/2020,WA,King,USA
1066-M63519,3/16/2020,WA,King,USA
10663-T45923,6/9/2020,WA,Snohomish,USA
10669-T45728,6/9/2020,WA,Thurston,USA
10681-T46782,6/9/2020,WA,Spokane,USA
10685-T45852,6/9/2020,WA,Snohomish,USA
10687-W11689,6/9/2020,WA,King,USA
10688-T46444,6/9/2020,WA,Pierce,USA
1069-M64201,3/16/2020,WA,King,USA
10691-T43009,6/9/2020,WA,King,USA
10696-W15403,6/10/2020,WA,King,USA
10697-T41332,6/9/2020,WA,King,USA
10698-W15213,6/10/2020,WA,King,USA
1070-M64194,3/16/2020,WA,King,USA
10700-T42235,6/9/2020,WA,King,USA
10766-H35888,6/11/2020,WA,King,USA
10769-H45360,6/11/2020,WA,Pierce,USA
1077-M57631,3/16/2020,WA,Pierce,USA
1079-M62454,3/16/2020,WA,King,USA
10795-F51169,6/12/2020,WA,Chelan,USA
10818-F49103,6/13/2020,WA,King,USA
1082-M65636,3/16/2020,WA,Snohomish,USA
10826-F56961,6/12/2020,WA,Pierce,USA
10831-F56956,6/12/2020,WA,Pierce,USA
10834-F56939,6/12/2020,WA,Pierce,USA
10853-S18921,6/11/2020,NA,NA,USA
1086-T65413,3/16/2020,WA,Snohomish,USA
10868-S19506,6/11/2020,NA,NA,USA
1088-X70366,3/15/2020,WA,Pierce,USA
10902-S18748,6/11/2020,NA,NA,USA
1091-M61596,3/13/2020,MN,Olmsted,USA
1092-H63069,3/13/2020,MN,Olmsted,USA
10932-M40670,6/15/2020,WA,Pierce,USA
1094-M61507,3/14/2020,CT,Fairfield,USA
10948-S19344,6/13/2020,WA,Pierce,USA
10952-S19365,6/13/2020,WA,Pierce,USA
10953-S19208,6/13/2020,WA,Pierce,USA
10960-X60825,6/14/2020,WA,Spokane,USA
10983-M37513,6/15/2020,WA,King,USA
1099-M62174,3/14/2020,CT,Fairfield,USA
11002-M37459,6/15/2020,WA,King,USA
1101-M62084,3/13/2020,MN,Olmsted,USA
1102-M61761,3/14/2020,CT,Fairfield,USA
1103-M61749,3/14/2020,CT,Fairfield,USA
11036-T62608,6/16/2020,WA,King,USA
11038-T64073,6/16/2020,WA,Pierce,USA
1104-M61773,3/14/2020,CT,Fairfield,USA
11040-T63993,6/16/2020,WA,Pierce,USA
11043-T63995,6/16/2020,WA,Pierce,USA
1105-M61838,3/13/2020,CT,Fairfield,USA
11059-W35923,6/17/2020,WA,Chelan,USA
11072-W40935,6/17/2020,WA,Pierce,USA
11074-T63752,6/16/2020,WA,Spokane,USA
11076-W36752,6/17/2020,WA,Spokane,USA
11078-W26566,6/17/2020,WA,King,USA
1108-M60117,3/13/2020,Unknown,Unknown,USA
11089-H49519,6/18/2020,WA,King,USA
1109-M58280,3/16/2020,WA,King,USA
11090-W42326,6/17/2020,WA,Pierce,USA
11098-W42259,6/17/2020,WA,Pierce,USA
1111-M62995,3/16/2020,WA,King,USA
11115-H60949,6/18/2020,WA,King,USA
1113-M61313,3/13/2020,MN,Olmsted,USA
11142-S23257,6/20/2020,WA,King,USA
11144-S25764,6/18/2020,OR,Deschutes,USA
1116-M65437,3/13/2020,IL,Cook,USA
11165-F67917,6/19/2020,WA,Chelan,USA
11168-F67961,6/19/2020,WA,Chelan,USA
1117-M65402,3/13/2020,IL,Cook,USA
11187-H62882,6/18/2020,WA,Pierce,USA
11193-W42088,6/17/2020,WA,Spokane,USA
11196-F63166,6/19/2020,WA,King,USA
11208-M39463,6/15/2020,Unknown,Unknown,USA
11259-F71826,6/19/2020,WA,Snohomish,USA
11263-F71901,6/18/2020,WA,King,USA
1127-T66142,3/17/2020,WA,King,USA
11270-S27150,6/20/2020,WA,King,USA
11277-S30575,6/20/2020,WA,Spokane,USA
11278-S30407,6/20/2020,WA,Spokane,USA
11279-X64528,6/21/2020,WA,King,USA
1128-T68224,3/16/2020,WA,King,USA
11280-F73873,6/19/2020,WA,Pierce,USA
11285-F73856,6/19/2020,WA,Pierce,USA
11287-F74013,6/19/2020,WA,Spokane,USA
11289-S24270,6/20/2020,WA,King,USA
11290-S23633,6/20/2020,WA,King,USA
11293-X65585,6/21/2020,WA,King,USA
11297-X67600,6/21/2020,WA,King,USA
11300-S30889,6/20/2020,WA,Spokane,USA
11309-M47600,6/22/2020,WA,King,USA
1131-S11724,3/14/2020,WA,Pierce,USA
11324-M54862,6/22/2020,WA,King,USA
11325-M55219,6/22/2020,WA,King,USA
11328-M53892,6/22/2020,WA,King,USA
1133-M64405,3/16/2020,WA,King,USA
11338-M53841,6/22/2020,WA,King,USA
1134-M62610,3/13/2020,MN,Olmsted,USA
11341-M49454,6/22/2020,WA,Chelan,USA
11345-X68056,6/21/2020,WA,Pierce,USA
11347-M49429,6/22/2020,WA,King,USA
11349-X68050,6/21/2020,WA,Pierce,USA
1135-M62624,3/13/2020,MN,Olmsted,USA
11350-M55179,6/22/2020,WA,King,USA
1136-M62022,3/14/2020,CT,Fairfield,USA
1137-M64463,3/12/2020,IL,Cook,USA
1139-M58292,3/13/2020,IL,Cook,USA
11391-W45100,6/23/2020,WA,Pierce,USA
11394-T72611,6/23/2020,WA,King,USA
11399-M49703,6/23/2020,WA,King,USA
11401-T70879,6/23/2020,WA,King,USA
1141-M64858,3/13/2020,IL,Cook,USA
11425-M55266,6/22/2020,WA,King,USA
11436-T79797,6/23/2020,WA,Pierce,USA
11437-T79799,6/23/2020,WA,Pierce,USA
11438-M54564,6/22/2020,WA,King,USA
11442-T77823,6/23/2020,WA,King,USA
11443-T77638,6/23/2020,WA,King,USA
11447-T78100,6/23/2020,WA,King,USA
11449-T73570,6/23/2020,WA,Spokane,USA
11453-T72200,6/23/2020,WA,Spokane,USA
11454-T75526,6/23/2020,WA,Spokane,USA
11455-M58715,6/22/2020,WA,Spokane,USA
11457-M37754,6/15/2020,WA,King,USA
11459-M40726,6/15/2020,WA,Pierce,USA
1146-T64252,3/17/2020,WA,King,USA
11469-T81316,6/23/2020,WA,Pierce,USA
11472-T81303,6/23/2020,WA,Pierce,USA
11478-T81286,6/23/2020,WA,Pierce,USA
11480-T81522,6/23/2020,WA,Pierce,USA
11481-T81290,6/23/2020,WA,Pierce,USA
11484-W50287,6/24/2020,WA,King,USA
11487-W47587,6/24/2020,WA,King,USA
11488-W55619,6/24/2020,WA,King,USA
11489-W55214,6/24/2020,WA,King,USA
11499-W55520,6/24/2020,WA,King,USA
11512-W54494,6/24/2020,WA,King,USA
11513-W55304,6/24/2020,WA,King,USA
11518-F74057,6/19/2020,WA,Pierce,USA
11519-S31312,6/20/2020,WA,Pierce,USA
11521-S31310,6/20/2020,WA,Pierce,USA
11526-X68074,6/21/2020,WA,Pierce,USA
11529-X68105,6/21/2020,WA,Pierce,USA
11530-X68126,6/21/2020,WA,Pierce,USA
11533-X68169,6/21/2020,WA,Pierce,USA
11537-X68112,6/21/2020,WA,Pierce,USA
11538-X68113,6/21/2020,WA,Pierce,USA
11544-M56692,6/22/2020,WA,Snohomish,USA
11556-M53358,6/22/2020,WA,Chelan,USA
11561-M56991,6/22/2020,WA,Pierce,USA
11562-M57025,6/22/2020,WA,Pierce,USA
11564-M53541,6/22/2020,WA,Chelan,USA
11566-M53537,6/22/2020,WA,Chelan,USA
1157-T69071,3/17/2020,WA,King,USA
11571-M57353,6/22/2020,WA,King,USA
11572-X68214,6/21/2020,WA,Spokane,USA
11576-M58557,6/22/2020,WA,Pierce,USA
1158-T68663,3/17/2020,WA,King,USA
11580-M58354,6/22/2020,WA,Pierce,USA
11589-T78731,6/23/2020,WA,King,USA
1159-T68874,3/17/2020,WA,King,USA
11592-T73819,6/23/2020,WA,King,USA
11602-W42285,6/17/2020,WA,Pierce,USA
11608-W26870,6/17/2020,WA,King,USA
11611-H53888,6/18/2020,WA,King,USA
11616-W42802,6/17/2020,WA,Snohomish,USA
1162-M63325,3/16/2020,WA,King,USA
11625-H59391,6/18/2020,WA,King,USA
1163-M63241,3/16/2020,WA,King,USA
11630-H59866,6/18/2020,WA,Chelan,USA
11633-W42891,6/17/2020,WA,Spokane,USA
11635-F60088,6/19/2020,WA,King,USA
11636-H56590,6/18/2020,WA,Chelan,USA
11640-H62983,6/18/2020,WA,Pierce,USA
11645-F65589,6/19/2020,WA,King,USA
11648-H62841,6/18/2020,WA,Pierce,USA
11652-F65108,6/19/2020,WA,King,USA
11656-H62721,6/18/2020,WA,Spokane,USA
11661-S26412,6/20/2020,WA,King,USA
11664-S24284,6/20/2020,WA,King,USA
11668-F74039,6/19/2020,WA,Pierce,USA
11671-X67289,6/21/2020,WA,King,USA
11673-S31192,6/20/2020,WA,Pierce,USA
1169-T68406,3/16/2020,WA,King,USA
11701-T60372,6/16/2020,WA,King,USA
11703-T55008,6/16/2020,WA,King,USA
11707-M41744,6/15/2020,WA,Thurston,USA
11709-M40706,6/15/2020,WA,Pierce,USA
1171-T66891,3/17/2020,WA,Pierce,USA
11710-M40715,6/15/2020,WA,Pierce,USA
1172-M65603,3/16/2020,Unknown,Unknown,USA
11722-T59270,6/16/2020,WA,King,USA
11728-T63933,6/16/2020,WA,Pierce,USA
1174-M64563,3/16/2020,WA,Skagit,USA
11742-W34372,6/16/2020,OR,Deschutes,USA
11761-W55527,6/24/2020,WA,King,USA
11762-W53812,6/24/2020,WA,Spokane,USA
11763-W51619,6/24/2020,WA,Spokane,USA
11764-W53388,6/24/2020,WA,Chelan,USA
11765-W53611,6/24/2020,WA,Chelan,USA
1177-X70540,3/15/2020,WA,King,USA
11775-W53544,6/24/2020,WA,Chelan,USA
1178-M63659,3/16/2020,WA,King,USA
11780-W57627,6/24/2020,WA,Pierce,USA
1179-M63552,3/16/2020,WA,King,USA
11813-W54203,6/24/2020,WA,King,USA
1182-M65265,3/13/2020,IL,Cook,USA
11823-H76316,6/25/2020,WA,King,USA
11829-H75223,6/25/2020,WA,King,USA
11832-H75801,6/25/2020,WA,Chelan,USA
11836-W59010,6/24/2020,WA,Spokane,USA
1186-M60951,3/16/2020,WA,King,USA
11869-F88308,6/26/2020,WA,Chelan,USA
1189-M64316,3/16/2020,WA,Skagit,USA
1190-M64415,3/16/2020,WA,Skagit,USA
11903-H79635,6/25/2020,WA,Pierce,USA
11906-W59497,6/24/2020,WA,Spokane,USA
11909-W59620,6/24/2020,WA,Spokane,USA
11915-W59505,6/24/2020,WA,Spokane,USA
11918-W59543,6/24/2020,WA,Spokane,USA
11919-W58842,6/24/2020,WA,Spokane,USA
11929-S28119,6/20/2020,Unknown,Unknown,USA
1194-M65730,3/16/2020,WA,Pierce,USA
11989-T81490,6/23/2020,WA,Pierce,USA
12027-W54547,6/24/2020,WA,King,USA
1203-T66314,3/16/2020,WA,Skagit,USA
12067-S41375,6/27/2020,WA,Pierce,USA
12068-S41572,6/27/2020,WA,Pierce,USA
12069-S41480,6/27/2020,WA,Pierce,USA
12070-S41573,6/27/2020,WA,Pierce,USA
12078-M58500,6/22/2020,WA,Pierce,USA
12085-M51713,6/22/2020,WA,Kitsap,USA
12088-M48626,6/19/2020,OR,Deschutes,USA
1209-M64894,3/13/2020,IL,Cook,USA
12097-F73976,6/19/2020,WA,Spokane,USA
12098-H79688,6/25/2020,WA,Pierce,USA
12112-W60248,6/24/2020,WA,Pierce,USA
12117-W60313,6/24/2020,WA,Pierce,USA
1212-M61970,3/16/2020,WA,Pierce,USA
12127-H79708,6/25/2020,WA,Pierce,USA
12134-F87066,6/26/2020,WA,King,USA
12140-F87114,6/26/2020,WA,King,USA
12141-F86261,6/26/2020,WA,King,USA
12149-H80169,6/25/2020,WA,Spokane,USA
1215-T69831,3/17/2020,WA,King,USA
12158-F89651,6/26/2020,WA,Thurston,USA
1216-T69571,NA,no container ID,no container ID,USA
12162-F84964,6/26/2020,WA,Chelan,USA
12163-F84966,6/26/2020,WA,Chelan,USA
12164-F87890,6/26/2020,WA,Chelan,USA
12167-F87060,6/26/2020,WA,King,USA
1217-T70785,3/17/2020,WA,King,USA
12171-F85633,6/26/2020,WA,King,USA
12173-F87188,6/26/2020,WA,King,USA
1224-T65893,3/16/2020,WA,Skagit,USA
1226-T66707,3/16/2020,WA,Pierce,USA
12264-F87137,6/26/2020,WA,King,USA
1228-M62113,3/16/2020,WA,King,USA
12283-S39215,6/27/2020,WA,King,USA
1229-M64688,3/16/2020,WA,King,USA
1231-S11950,NA,no container ID,no container ID,USA
1232-M63438,3/16/2020,WA,King,USA
12324-F84497,6/27/2020,WA,King,USA
12332-S38764,6/27/2020,WA,King,USA
12333-S38878,6/27/2020,WA,King,USA
12334-S39555,6/27/2020,WA,King,USA
12338-S39127,6/27/2020,WA,King,USA
12340-S39303,6/27/2020,WA,King,USA
12348-S39386,6/27/2020,WA,King,USA
1235-T62577,3/15/2020,WA,King,USA
12352-S39646,6/27/2020,WA,King,USA
12355-S39282,6/27/2020,WA,King,USA
12356-S39462,6/27/2020,WA,King,USA
12359-S39244,6/27/2020,WA,King,USA
12360-S38660,6/27/2020,WA,King,USA
12361-S37848,6/27/2020,WA,King,USA
12362-S38951,6/27/2020,WA,King,USA
12364-S39274,6/27/2020,WA,King,USA
12367-S37982,6/27/2020,WA,King,USA
12368-S39148,6/27/2020,WA,King,USA
1237-M63258,3/16/2020,WA,King,USA
12370-S38365,6/27/2020,WA,King,USA
12371-S39493,6/27/2020,WA,King,USA
12372-S39236,6/27/2020,WA,King,USA
12377-S39425,6/27/2020,WA,King,USA
12378-S38139,6/27/2020,WA,King,USA
1238-X70597,3/15/2020,WA,Pierce,USA
12384-S38468,6/27/2020,WA,King,USA
12388-F82880,6/27/2020,WA,King,USA
12389-F83717,6/27/2020,WA,King,USA
12390-F83618,6/27/2020,WA,King,USA
12391-F82819,6/27/2020,WA,King,USA
12392-S37998,6/27/2020,WA,King,USA
12395-F89339,6/26/2020,WA,Spokane,USA
12396-F90909,6/26/2020,WA,Spokane,USA
12398-S38082,6/27/2020,WA,King,USA
1240-T62488,3/16/2020,WA,King,USA
12400-F90170,6/26/2020,WA,Pierce,USA
12401-S38140,6/27/2020,WA,King,USA
1241-S12130,3/14/2020,WA,Spokane,USA
1242-T63699,3/16/2020,WA,Skagit,USA
12436-S39572,6/27/2020,WA,King,USA
12437-S38957,6/27/2020,WA,King,USA
1244-M62590,3/16/2020,WA,King,USA
12440-S38777,6/27/2020,WA,King,USA
12443-S38380,6/27/2020,WA,King,USA
12446-S38167,6/27/2020,WA,King,USA
1245-M65741,3/16/2020,WA,King,USA
1247-M65743,3/16/2020,WA,King,USA
12478-X71985,6/29/2020,WA,King,USA
12488-M69133,6/29/2020,WA,King,USA
1250-M65031,3/16/2020,WA,King,USA
12516-X72782,6/28/2020,WA,Pierce,USA
12521-F90230,6/26/2020,WA,Pierce,USA
12531-F89218,6/26/2020,WA,Spokane,USA
12539-S41319,6/27/2020,WA,Pierce,USA
12542-S37519,6/27/2020,WA,Spokane,USA
12543-X73236,6/27/2020,WA,King,USA
12548-F90203,6/26/2020,WA,Pierce,USA
1255-T64269,3/16/2020,WA,Snohomish,USA
12557-F91173,6/26/2020,WA,Pierce,USA
1256-T64988,3/16/2020,WA,Snohomish,USA
1257-T64971,3/16/2020,WA,Snohomish,USA
12570-F89141,6/26/2020,WA,Spokane,USA
12575-F91170,6/26/2020,WA,Pierce,USA
12576-F88972,6/26/2020,WA,Spokane,USA
12578-S37277,6/27/2020,WA,Spokane,USA
1258-T64763,3/16/2020,WA,King,USA
12582-S42029,6/26/2020,WA,Franklin,USA
12593-F91098,6/26/2020,WA,Pierce,USA
12594-S41430,6/27/2020,WA,Pierce,USA
12596-S41435,6/27/2020,WA,Pierce,USA
12598-S41447,6/27/2020,WA,Pierce,USA
12600-S42196,6/27/2020,WA,Spokane,USA
12601-X73427,6/28/2020,WA,Spokane,USA
12602-X73428,6/28/2020,WA,Spokane,USA
12604-S42254,6/27/2020,WA,Spokane,USA
12611-X73915,6/28/2020,WA,Spokane,USA
12612-X73968,6/28/2020,WA,Spokane,USA
12613-X73606,6/28/2020,WA,Spokane,USA
12614-X73573,6/28/2020,WA,Spokane,USA
12621-S41624,6/27/2020,WA,Pierce,USA
12622-S41579,6/27/2020,WA,Pierce,USA
12624-X74617,6/28/2020,WA,Pierce,USA
12625-M62561,6/29/2020,WA,King,USA
12626-S42327,6/27/2020,WA,Pierce,USA
12627-X74695,6/28/2020,WA,Pierce,USA
12632-M63506,6/29/2020,WA,King,USA
12633-M64734,6/29/2020,WA,King,USA
12634-X74558,6/28/2020,WA,Pierce,USA
12637-X74532,6/28/2020,WA,Pierce,USA
12638-S42313,6/27/2020,WA,Pierce,USA
1264-M66160,3/16/2020,WA,Pierce,USA
12641-X74588,6/28/2020,WA,Pierce,USA
12645-M65697,6/26/2020,OR,Deschutes,USA
12646-M65482,6/26/2020,OR,Deschutes,USA
1265-M65342,3/13/2020,IL,Cook,USA
12652-M67750,6/29/2020,WA,King,USA
12653-M64761,6/29/2020,WA,King,USA
12657-M74810,6/29/2020,WA,King,USA
12658-M75027,6/29/2020,WA,King,USA
12659-M71570,6/29/2020,WA,King,USA
12660-M72519,6/29/2020,WA,King,USA
12671-M74102,6/29/2020,WA,King,USA
1268-W48597,3/17/2020,WA,Snohomish,USA
12685-M72343,6/29/2020,WA,King,USA
12686-M71667,6/29/2020,WA,King,USA
12689-M70196,6/29/2020,WA,King,USA
1269-T68625,3/17/2020,WA,King,USA
12693-M72011,6/29/2020,WA,King,USA
12703-F92363,6/26/2020,WA,Pierce,USA
12705-M76561,6/29/2020,WA,Pierce,USA
12706-M76324,6/29/2020,WA,Pierce,USA
12709-X74885,6/28/2020,WA,Pierce,USA
1271-M65924,3/16/2020,WA,Pierce,USA
12714-X74783,6/28/2020,WA,Spokane,USA
12716-T87951,6/30/2020,WA,King,USA
1272-M66035,3/16/2020,WA,Pierce,USA
12728-M71068,6/29/2020,WA,King,USA
1273-T71154,3/17/2020,WA,King,USA
12732-T85125,6/30/2020,WA,King,USA
12733-M72622,6/29/2020,WA,King,USA
1274-T68686,3/17/2020,WA,King,USA
12747-M76118,6/29/2020,WA,Pierce,USA
12758-T92386,6/27/2020,OR,Deschutes,USA
12760-M71162,6/29/2020,WA,King,USA
12761-T93865,6/29/2020,WA,King,USA
12762-T92987,6/27/2020,OR,Deschutes,USA
12763-T13445,6/30/2020,WA,Pierce,USA
12765-M71091,6/29/2020,WA,King,USA
12770-M71739,6/29/2020,WA,King,USA
12771-M71998,6/29/2020,WA,King,USA
12772-M71392,6/29/2020,WA,King,USA
12776-P10974,6/29/2020,Unknown,Unknown,USA
12777-P10963,6/29/2020,Unknown,Unknown,USA
12782-P10944,6/29/2020,Unknown,Unknown,USA
12785-M70726,6/29/2020,WA,King,USA
12796-M73032,6/29/2020,WA,Chelan,USA
12797-M73031,6/29/2020,WA,Chelan,USA
12801-T83440,6/29/2020,WA,Yakima,USA
1282-T70234,3/17/2020,WA,King,USA
12821-T93630,6/30/2020,WA,King,USA
12822-T91338,6/30/2020,WA,King,USA
12828-M72135,6/29/2020,WA,King,USA
12830-M69902,6/29/2020,WA,King,USA
12831-M71477,6/29/2020,WA,King,USA
12832-M71930,6/29/2020,WA,King,USA
12835-M71432,6/29/2020,WA,King,USA
12839-M71674,6/29/2020,WA,King,USA
12841-M71678,6/29/2020,WA,King,USA
12846-M72631,6/29/2020,WA,King,USA
12847-M70344,6/29/2020,WA,King,USA
12853-M71699,6/29/2020,WA,King,USA
12854-M72189,6/29/2020,WA,King,USA
12857-M71042,6/29/2020,WA,King,USA
12858-M72345,6/29/2020,WA,King,USA
12859-M72361,6/29/2020,WA,King,USA
12861-M72210,6/29/2020,WA,King,USA
12863-M70862,6/29/2020,WA,King,USA
12874-M66540,6/29/2020,WA,Okanogan,USA
12875-M64473,6/29/2020,WA,Okanogan,USA
12876-M62844,6/29/2020,WA,Okanogan,USA
12878-M75017,6/29/2020,WA,King,USA
12879-M74904,6/29/2020,WA,King,USA
12881-M73092,6/29/2020,WA,King,USA
12883-M72663,6/29/2020,WA,King,USA
12886-M72655,6/29/2020,WA,King,USA
12894-X74755,6/28/2020,WA,Chelan,USA
12898-M69321,6/29/2020,WA,Chelan,USA
12899-M64946,6/29/2020,WA,Okanogan,USA
12900-M67216,6/29/2020,WA,Okanogan,USA
12901-M68646,6/29/2020,WA,Chelan,USA
12902-M68758,6/29/2020,WA,Chelan,USA
12903-M73418,6/29/2020,WA,Chelan,USA
12907-M69466,6/29/2020,WA,Chelan,USA
12908-M73495,6/29/2020,WA,Chelan,USA
12909-T84160,6/29/2020,WA,Thurston,USA
1291-T72025,3/16/2020,Unknown,Unknown,USA
12911-M69552,6/29/2020,WA,Chelan,USA
1292-T72060,3/16/2020,Unknown,Unknown,USA
12921-M69965,6/29/2020,WA,Chelan,USA
12924-M72284,6/29/2020,WA,King,USA
12926-M70857,6/29/2020,WA,Chelan,USA
12930-M69572,6/29/2020,WA,Spokane,USA
12934-M70748,6/29/2020,WA,King,USA
12935-M72218,6/29/2020,WA,King,USA
12936-M72237,6/29/2020,WA,King,USA
12948-M71071,6/29/2020,WA,King,USA
12953-T10616,6/30/2020,WA,King,USA
12957-M76939,6/29/2020,WA,Pierce,USA
12962-T14584,6/30/2020,WA,Pierce,USA
12978-T14264,6/30/2020,WA,King,USA
13003-M76798,6/29/2020,WA,Pierce,USA
13013-W73274,6/30/2020,WA,King,USA
13015-T10178,6/30/2020,WA,King,USA
13016-T12487,6/30/2020,WA,King,USA
13018-L20157,7/1/2020,WA,King,USA
1302-M66117,3/16/2020,WA,Pierce,USA
13027-W74036,7/1/2020,WA,King,USA
13028-W74136,7/1/2020,WA,King,USA
13029-W65818,7/1/2020,WA,King,USA
13031-W71634,7/1/2020,WA,King,USA
13039-W73894,7/1/2020,WA,King,USA
1304-M65931,3/16/2020,WA,Pierce,USA
13045-T92191,6/30/2020,WA,King,USA
13047-T92231,6/30/2020,WA,King,USA
1306-T71086,3/17/2020,WA,Snohomish,USA
13068-M68750,6/30/2020,WA,King,USA
1307-T72174,3/16/2020,Unknown,Unknown,USA
13070-T10632,6/30/2020,WA,King,USA
13071-T11088,6/30/2020,WA,King,USA
13079-T12756,6/30/2020,WA,King,USA
13080-T12753,6/30/2020,WA,King,USA
13081-T12832,6/30/2020,WA,King,USA
13082-T12707,6/30/2020,WA,King,USA
13083-T12493,6/30/2020,WA,King,USA
13084-T12828,6/30/2020,WA,King,USA
13085-T12492,6/30/2020,WA,King,USA
13086-T12325,6/30/2020,WA,King,USA
13087-T10334,6/30/2020,WA,King,USA
13088-T10748,6/30/2020,WA,King,USA
13090-T10864,6/30/2020,WA,King,USA
13099-T10327,6/30/2020,WA,King,USA
13102-L20559,7/1/2020,WA,King,USA
13104-L20106,7/1/2020,WA,King,USA
1311-M65708,3/14/2020,IL,Cook,USA
13110-T12816,6/30/2020,WA,King,USA
13112-T12535,6/30/2020,WA,King,USA
1312-M65696,3/16/2020,Unknown,Unknown,USA
1314-W50837,3/17/2020,WA,King,USA
1315-M66089,3/16/2020,WA,Pierce,USA
1319-T68932,3/17/2020,WA,King,USA
13196-W71931,7/1/2020,WA,Chelan,USA
1320-T68824,3/17/2020,WA,King,USA
13201-W72018,7/1/2020,WA,Chelan,USA
13207-W77809,7/1/2020,WA,Pierce,USA
13219-W72102,7/1/2020,WA,Chelan,USA
13222-T15124,6/30/2020,WA,King,USA
13226-W72275,7/1/2020,WA,Chelan,USA
13227-T18040,6/30/2020,WA,Pierce,USA
13232-T93750,6/30/2020,WA,Spokane,USA
13233-M72824,6/29/2020,WA,Spokane,USA
13234-M76524,6/29/2020,WA,Spokane,USA
13242-W71831,7/1/2020,WA,King,USA
13249-T14833,6/30/2020,WA,King,USA
13258-T85288,6/30/2020,WA,King,USA
13262-T93174,6/30/2020,WA,King,USA
13263-T15047,6/30/2020,WA,Kitsap,USA
13264-T14980,6/30/2020,WA,King,USA
13268-M72783,6/29/2020,WA,Spokane,USA
1327-T69650,3/18/2020,WA,King,USA
13274-T93001,6/30/2020,WA,Chelan,USA
13275-L22268,7/2/2020,WA,King,USA
13277-H88247,7/2/2020,WA,Okanogan,USA
13288-H96818,7/2/2020,WA,Spokane,USA
1329-M66093,3/16/2020,WA,Pierce,USA
13290-L25390,7/3/2020,WA,King,USA
13291-L26112,7/3/2020,WA,King,USA
13293-L24740,7/3/2020,WA,King,USA
13299-L25484,7/3/2020,WA,King,USA
13300-F10462,7/3/2020,WA,Spokane,USA
13306-L24777,7/3/2020,WA,King,USA
13310-F10285,7/3/2020,WA,Chelan,USA
13311-F10286,7/3/2020,WA,Chelan,USA
13317-H96943,7/2/2020,WA,Spokane,USA
13319-T39294,6/30/2020,WA,King,USA
13321-H96915,7/2/2020,WA,Spokane,USA
13324-F12105,7/3/2020,WA,Jefferson,USA
13330-L25671,7/3/2020,WA,King,USA
13332-L25862,7/3/2020,WA,King,USA
1334-W52498,3/17/2020,WA,Snohomish,USA
13356-L21207,7/1/2020,WA,King,USA
13357-L21216,7/1/2020,WA,King,USA
13364-L21263,7/1/2020,WA,King,USA
13366-H89362,7/1/2020,WA,King,USA
13367-L20879,7/1/2020,WA,King,USA
13368-L21233,7/1/2020,WA,King,USA
13370-L21228,7/1/2020,WA,King,USA
13381-L20777,7/1/2020,WA,King,USA
13384-F94725,7/3/2020,WA,King,USA
13386-W77283,7/1/2020,WA,Chelan,USA
13394-F98810,7/1/2020,OR,Deschutes,USA
13395-H96394,7/2/2020,WA,Pierce,USA
13397-H92306,7/2/2020,WA,King,USA
13400-H96337,7/2/2020,WA,Pierce,USA
13401-H96385,7/2/2020,WA,Pierce,USA
13402-H94722,7/2/2020,WA,King,USA
1342-W50133,3/17/2020,WA,Skagit,USA
13432-T88913,6/30/2020,Unknown,Unknown,USA
13444-T88915,6/30/2020,Unknown,Unknown,USA
1346-W52580,3/17/2020,WA,Snohomish,USA
1351-W53670,3/17/2020,WA,King,USA
1353-W50024,3/18/2020,WA,King,USA
1362-T69954,3/17/2020,WA,King,USA
1365-M66399,3/13/2020,CT,Fairfield,USA
1402-W53912,3/16/2020,Unknown,Unknown,USA
1403-T72761,3/16/2020,Unknown,Unknown,USA
1407-T72766,3/17/2020,Unknown,Unknown,USA
1412-W52154,3/18/2020,WA,King,USA
1415-W55197,3/17/2020,WA,Skagit,USA
1417-T72481,3/17/2020,WA,Pierce,USA
1426-H64588,3/18/2020,WA,Snohomish,USA
1427-H64615,3/18/2020,WA,Snohomish,USA
1433-W55388,3/18/2020,WA,King,USA
1435-T72806,3/17/2020,WA,Snohomish,USA
1440-W52938,3/18/2020,WA,King,USA
1441-W52625,3/18/2020,WA,King,USA
1446-H64644,3/18/2020,WA,Snohomish,USA
1448-H64383,3/19/2020,WA,King,USA
1452-W55339,3/18/2020,WA,King,USA
1458-W53959,3/18/2020,WA,King,USA
1465-T72441,3/17/2020,WA,Spokane,USA
1470-W54946,3/18/2020,WA,King,USA
1471-W55071,3/18/2020,WA,King,USA
1473-W53170,3/18/2020,WA,Chelan,USA
1486-W56209,3/18/2020,Unknown,Unknown,USA
1501-H69790,3/19/2020,WA,King,USA
154-X61193,3/8/2020,WA,King,USA
1552-H71173,3/19/2020,WA,King,USA
1567-F81337,3/19/2020,WA,Snohomish,USA
1570-H71486,3/19/2020,WA,King,USA
1574-H71466,3/19/2020,WA,King,USA
1575-H72823,3/19/2020,WA,King,USA
1578-H71453,3/19/2020,WA,King,USA
1581-F81377,3/19/2020,WA,Skagit,USA
1583-F81375,3/19/2020,WA,Yakima,USA
1587-H71054,3/19/2020,WA,King,USA
1588-H70462,3/19/2020,WA,King,USA
1593-F81356,3/19/2020,WA,Snohomish,USA
1595-H71487,3/19/2020,WA,King,USA
1597-F81292,3/19/2020,WA,Yakima,USA
1617-F81701,3/18/2020,WA,Whatcom,USA
1620-F81438,3/19/2020,WA,Skagit,USA
1631-F86494,3/20/2020,WA,King,USA
1632-H72989,3/19/2020,WA,Pierce,USA
1646-F84824,3/20/2020,WA,King,USA
1651-F88424,3/20/2020,WA,King,USA
1666-F87194,3/20/2020,WA,King,USA
1670-S13630,3/20/2020,WA,King,USA
1672-F87780,3/20/2020,WA,King,USA
1675-F85970,3/20/2020,WA,King,USA
1677-S13790,3/20/2020,WA,Snohomish,USA
1680-S13848,3/20/2020,WA,Skagit,USA
1682-S14018,3/20/2020,WA,Yakima,USA
1683-F86487,3/20/2020,WA,King,USA
1684-S13991,3/19/2020,WA,Whatcom,USA
1688-F86732,3/20/2020,WA,Snohomish,USA
1689-H73207,3/19/2020,WA,Snohomish,USA
1690-S13977,3/19/2020,WA,Whatcom,USA
1697-F88748,3/20/2020,WA,King,USA
1698-F88552,3/20/2020,WA,King,USA
1700-S15596,3/20/2020,WA,Snohomish,USA
1705-S16707,3/21/2020,WA,King,USA
1706-S16827,3/21/2020,WA,King,USA
1708-S17775,3/21/2020,WA,King,USA
1715-H73261,3/19/2020,WA,Pierce,USA
1716-F88965,3/20/2020,WA,King,USA
1724-S17235,3/21/2020,WA,King,USA
1729-S14649,3/21/2020,WA,King,USA
1730-S18381,3/21/2020,WA,King,USA
1731-S17738,3/21/2020,WA,King,USA
1733-S18277,3/21/2020,WA,King,USA
1739-S18300,3/21/2020,WA,King,USA
1741-S18317,3/21/2020,WA,Skagit,USA
1744-S16182,3/21/2020,WA,King,USA
1745-S16183,3/21/2020,WA,King,USA
1748-S14734,3/21/2020,WA,King,USA
1750-S18363,3/21/2020,WA,Yakima,USA
1758-X72114,3/21/2020,WA,Skagit,USA
1766-W89128,4/14/2020,WA,King,USA
1768-W88977,4/15/2020,WA,King,USA
1770-X71878,3/22/2020,WA,King,USA
1772-S18174,3/21/2020,WA,King,USA
1773-X72962,NA,no container ID,no container ID,USA
1774-X72951,3/22/2020,WA,King,USA
1778-X73518,3/22/2020,WA,Snohomish,USA
1782-X74410,3/22/2020,WA,King,USA
1791-F89148,3/20/2020,Unknown,Unknown,USA
1792-S18500,3/21/2020,WA,Chelan,USA
1797-X73626,3/22/2020,WA,King,USA
1799-X74690,3/22/2020,WA,Skagit,USA
1801-M67814,3/23/2020,WA,King,USA
1805-X74967,3/22/2020,WA,King,USA
1806-X75162,3/22/2020,WA,King,USA
1812-X74892,3/22/2020,WA,King,USA
1816-X75894,3/22/2020,Unknown,Unknown,USA
1817-X75879,3/22/2020,Unknown,Unknown,USA
1818-X75848,3/22/2020,Unknown,Unknown,USA
1821-X76054,3/22/2020,WA,Pierce,USA
1822-X76068,3/22/2020,WA,Pierce,USA
1824-X76053,3/22/2020,WA,Pierce,USA
1825-X75995,3/22/2020,WA,Pierce,USA
1826-X76000,3/22/2020,WA,Pierce,USA
1827-X75979,3/22/2020,WA,Pierce,USA
1828-X75954,3/22/2020,WA,Pierce,USA
1831-X75967,3/22/2020,WA,Pierce,USA
1834-X75652,3/22/2020,Unknown,Unknown,USA
1835-M72647,3/23/2020,WA,King,USA
1839-M74195,3/23/2020,WA,Snohomish,USA
1840-M70163,3/23/2020,WA,King,USA
1843-M73894,3/23/2020,WA,King,USA
1846-M74187,3/22/2020,WA,King,USA
1849-M73250,3/20/2020,OR,Multnomah,USA
1851-M73208,3/21/2020,OR,Multnomah,USA
1853-M74691,3/23/2020,WA,King,USA
1854-M74717,3/23/2020,WA,King,USA
1855-M74854,3/23/2020,WA,King,USA
1858-F85643,3/23/2020,WA,King,USA
1859-M74897,3/23/2020,WA,King,USA
1860-M74528,3/23/2020,WA,King,USA
1863-M73204,3/23/2020,WA,Chelan,USA
1864-M72023,3/23/2020,WA,Chelan,USA
1865-X73961,3/23/2020,WA,King,USA
1866-M69292,3/23/2020,WA,King,USA
1868-M71534,3/23/2020,WA,King,USA
1870-M75996,3/23/2020,WA,King,USA
1872-M76053,3/23/2020,WA,King,USA
1874-T77349,3/23/2020,WA,Snohomish,USA
18754-L1020627,7/23/2020,WA,King,USA
18760-F1027643,7/24/2020,WA,Pierce,USA
1877-T77036,3/24/2020,WA,King,USA
18772-H1027615,7/22/2020,WA,King,USA
18776-F1027639,7/24/2020,WA,Pierce,USA
1878-T76629,3/24/2020,WA,King,USA
1879-T75593,3/21/2020,WA,Whatcom,USA
1885-T77818,3/23/2020,OR,Deschutes,USA
1887-T77952,3/22/2020,OR,Deschutes,USA
1888-T78101,3/23/2020,WA,Kitsap,USA
1890-T78714,3/24/2020,WA,King,USA
1896-T75276,3/23/2020,WA,Pierce,USA
1904-M76307,3/23/2020,WA,King,USA
1907-X76100,3/22/2020,WA,Pierce,USA
1917-X76109,3/22/2020,WA,Pierce,USA
19193-T1024062,7/28/2020,WA,King,USA
1920-M76260,3/23/2020,WA,Pierce,USA
19246-F1035460,8/1/2020,WA,King,USA
19249-S1024043,8/1/2020,WA,King,USA
1925-T79663,3/20/2020,ID,Ada,USA
19250-S1023606,8/1/2020,WA,King,USA
19255-S1022705,8/1/2020,WA,King,USA
19258-S1026661,8/1/2020,WA,Thurston,USA
19260-S1026638,8/1/2020,WA,Thurston,USA
19262-S1026352,8/1/2020,WA,Thurston,USA
1928-T78771,3/24/2020,WA,King,USA
19291-H1045952,7/30/2020,WA,Yakima,USA
1930-T76855,3/24/2020,WA,King,USA
19329-H1042154,7/30/2020,WA,Pierce,USA
1934-T79694,3/20/2020,ID,Ada,USA
1935-T79138,3/22/2020,ID,Ada,USA
19358-S1025740,8/1/2020,WA,Spokane,USA
1937-T76725,3/21/2020,OR,Multnomah,USA
19374-L1039358,8/1/2020,WA,King,USA
19376-S1023659,8/1/2020,WA,Chelan,USA
1938-T78936,3/22/2020,ID,Ada,USA
19382-S1026944,8/1/2020,WA,Pierce,USA
19384-S1027036,8/1/2020,WA,Pierce,USA
19388-S1027060,8/1/2020,WA,Pierce,USA
1939-T79431,3/21/2020,ID,Ada,USA
19391-S1026917,8/1/2020,WA,Pierce,USA
19395-S1025070,8/1/2020,WA,King,USA
19404-L1040943,8/1/2020,WA,King,USA
19418-S1026703,8/1/2020,WA,Pierce,USA
19426-H1043878,7/30/2020,WA,Chelan,USA
1944-T80041,3/24/2020,WA,King,USA
19444-H1041520,7/30/2020,WA,Chelan,USA
19451-H1037277,7/30/2020,WA,Okanogan,USA
1946-M72979,3/24/2020,WA,King,USA
19463-F1039202,7/31/2020,WA,King,USA
1947-T81569,3/23/2020,WA,Kitsap,USA
1948-T76622,3/24/2020,WA,King,USA
19488-F1042863,7/31/2020,WA,Kitsap,USA
19507-F1038333,7/31/2020,WA,King,USA
19534-S1026298,8/1/2020,WA,Yakima,USA
19536-S1022543,8/1/2020,WA,King,USA
19539-T1026234,8/1/2020,WA,King,USA
1954-T81479,3/24/2020,WA,King,USA
19547-S1024561,8/1/2020,WA,Chelan,USA
1955-T78491,3/24/2020,WA,King,USA
1956-T78497,3/24/2020,WA,King,USA
1957-T78695,3/20/2020,ID,Ada,USA
1963-T81972,3/24/2020,WA,Skagit,USA
1965-T80286,3/24/2020,WA,King,USA
19661-S1027351,8/1/2020,WA,Spokane,USA
19676-X1017483,8/2/2020,WA,Pierce,USA
1968-T81568,3/20/2020,WA,Adams,USA
19681-S1027364,8/1/2020,WA,Spokane,USA
19692-S1026954,8/1/2020,WA,Pierce,USA
19695-X1017034,8/2/2020,WA,Pierce,USA
19700-S1027234,8/1/2020,WA,Pierce,USA
19721-L1040844,8/1/2020,WA,King,USA
1976-T82665,NA,no container ID,no container ID,USA
1977-T82235,3/24/2020,WA,Skagit,USA
1984-T82333,3/24/2020,WA,Island,USA
1994-T81474,3/24/2020,WA,King,USA
1997-T80666,3/24/2020,WA,King,USA
2006-T80905,3/24/2020,WA,Snohomish,USA
2008-W58638,3/24/2020,WA,King,USA
2022-M76564,3/23/2020,WA,Spokane,USA
20236-S1015379,7/25/2020,WA,Chelan,USA
20238-F1029954,7/24/2020,WA,Pierce,USA
20242-S1015212,7/25/2020,WA,King,USA
20245-H1030879,7/23/2020,WA,Pierce,USA
20246-H1030742,7/23/2020,WA,Pierce,USA
2029-T78757,3/24/2020,WA,King,USA
2032-M76554,3/23/2020,WA,Spokane,USA
2034-T82508,3/24/2020,WA,King,USA
2036-M76553,3/23/2020,WA,Spokane,USA
20397-W1037747,7/28/2020,WA,Adams,USA
20400-H1033572,7/29/2020,WA,King,USA
2041-T82574,3/22/2020,ID,Ada,USA
2045-T81655,3/24/2020,WA,Snohomish,USA
2047-T82490,3/22/2020,ID,Ada,USA
2053-T79859,3/24/2020,WA,King,USA
2059-T82511,3/24/2020,WA,King,USA
2062-T82659,3/20/2020,WA,Whatcom,USA
2066-W60000,3/25/2020,WA,King,USA
2071-W59782,3/24/2020,WA,Whatcom,USA
2072-W59592,3/24/2020,WA,Whatcom,USA
2074-W60367,3/25/2020,WA,King,USA
2076-W60700,3/25/2020,WA,King,USA
2082-T80057,3/25/2020,WA,King,USA
2086-W61119,3/25/2020,WA,King,USA
2087-W60213,3/25/2020,WA,King,USA
2091-M73728,3/24/2020,WA,King,USA
2099-H23124,4/16/2020,no container ID,no container ID,USA
2104-W61715,3/24/2020,WA,Kitsap,USA
2108-W61142,3/24/2020,WA,Pierce,USA
2109-W62959,3/25/2020,WA,King,USA
2115-W61410,3/25/2020,WA,King,USA
2119-W60973,3/25/2020,WA,King,USA
2129-W63124,3/25/2020,WA,King,USA
2131-T80184,3/25/2020,WA,King,USA
21398-L1047125,8/4/2020,WA,King,USA
21404-L1047383,8/4/2020,WA,King,USA
21405-M1043547,8/3/2020,WA,Spokane,USA
21409-T1038509,8/4/2020,WA,Chelan,USA
2145-W65115,3/25/2020,WA,Skagit,USA
21457-L1047857,8/4/2020,WA,King,USA
2146-W65244,3/25/2020,WA,Skagit,USA
21461-W1051043,8/5/2020,WA,Kitsap,USA
21547-T1037793,8/4/2020,WA,King,USA
21551-T1037155,8/4/2020,WA,King,USA
21554-L1045169,8/3/2020,WA,King,USA
21562-L1046310,8/3/2020,WA,King,USA
21576-L1045826,8/3/2020,WA,King,USA
2159-W66081,3/23/2020,ID,Ada,USA
21591-T1041821,8/4/2020,WA,Chelan,USA
21596-T1039184,8/4/2020,WA,Chelan,USA
21599-T1043924,8/4/2020,WA,Pierce,USA
2160-W65325,3/23/2020,ID,Ada,USA
21600-T1043926,8/4/2020,WA,Pierce,USA
21608-T1038311,8/4/2020,WA,Okanogan,USA
21628-T1045197,8/4/2020,WA,Pierce,USA
21644-W1052650,8/5/2020,WA,King,USA
21654-L1045093,8/3/2020,WA,King,USA
21658-M1038093,8/3/2020,WA,Chelan,USA
21659-M1037957,8/3/2020,WA,Chelan,USA
21660-M1041092,8/3/2020,WA,Chelan,USA
21667-M1038014,8/3/2020,WA,Spokane,USA
21673-M1037607,8/3/2020,WA,Chelan,USA
2169-M76455,3/23/2020,WA,Pierce,USA
21695-M1037936,8/3/2020,WA,Chelan,USA
21707-M1037997,8/3/2020,WA,Chelan,USA
21710-W1046025,8/5/2020,WA,King,USA
21712-W1047502,8/5/2020,WA,Chelan,USA
21717-W1054081,8/5/2020,WA,Pierce,USA
21720-W1054485,8/5/2020,WA,Pierce,USA
21721-H1051197,8/6/2020,WA,Pierce,USA
21723-W1054200,8/5/2020,WA,Pierce,USA
21726-W1054092,8/5/2020,WA,Pierce,USA
21727-W1053939,8/5/2020,WA,Pierce,USA
21728-H1050469,8/6/2020,WA,Pierce,USA
21732-W1054236,8/5/2020,WA,Pierce,USA
21734-W1054016,8/5/2020,WA,Pierce,USA
21735-W1053984,8/5/2020,WA,Pierce,USA
21736-W1054009,8/5/2020,WA,Pierce,USA
2174-W65738,3/23/2020,ID,Ada,USA
21742-W1054239,8/5/2020,WA,Pierce,USA
21746-W1053526,8/4/2020,WA,King,USA
21747-T1045438,8/4/2020,WA,Spokane,USA
21752-W1050358,8/5/2020,WA,Spokane,USA
21753-W1050308,8/5/2020,WA,Spokane,USA
21754-W1054444,8/5/2020,WA,King,USA
21755-W1053779,8/1/2020,ID,Bonneville,USA
21756-T1045445,8/4/2020,WA,Spokane,USA
21757-W1053513,8/4/2020,WA,King,USA
21759-W1053537,8/4/2020,WA,King,USA
2176-T83261,3/24/2020,WA,Pierce,USA
21760-H1049829,8/4/2020,OR,Deschutes,USA
21764-W1052777,8/4/2020,WA,King,USA
21771-W1052583,8/4/2020,WA,King,USA
21784-W1048960,8/5/2020,WA,Chelan,USA
21785-W1043573,8/5/2020,WA,Okanogan,USA
21786-W1046118,8/5/2020,WA,Okanogan,USA
21789-F1053822,8/5/2020,WA,King,USA
2179-T83055,3/24/2020,WA,Pierce,USA
2191-H74854,3/25/2020,WA,King,USA
2192-W62923,3/25/2020,WA,King,USA
2193-T83283,3/24/2020,WA,Pierce,USA
21960-H1056901,8/6/2020,WA,Spokane,USA
21961-L1053464,8/6/2020,WA,King,USA
21969-F1056290,8/6/2020,WA,King,USA
21978-L1053015,8/6/2020,WA,King,USA
2198-W65614,3/24/2020,ID,Ada,USA
21981-L1051983,8/6/2020,WA,King,USA
21982-L1053404,8/6/2020,WA,King,USA
21985-H1056915,8/6/2020,WA,Spokane,USA
21986-H1057311,8/6/2020,WA,Spokane,USA
21987-L1053489,8/6/2020,WA,King,USA
21988-F1053912,8/6/2020,WA,King,USA
21990-H1054045,8/6/2020,WA,Chelan,USA
21992-H1053953,8/6/2020,WA,Chelan,USA
21995-H1056862,8/6/2020,WA,Chelan,USA
21998-F1056269,8/5/2020,WA,King,USA
22003-F1055556,8/5/2020,WA,King,USA
22009-L1053672,8/6/2020,WA,King,USA
22016-L1052311,8/6/2020,WA,King,USA
22017-L1054046,8/6/2020,WA,King,USA
22020-L1053804,8/6/2020,WA,King,USA
22027-L1054000,8/6/2020,WA,King,USA
22028-L1053423,8/6/2020,WA,King,USA
2203-H74688,3/25/2020,WA,King,USA
22038-M1040658,8/3/2020,WA,Chelan,USA
22039-M1042467,8/3/2020,WA,Pierce,USA
22048-M1043147,8/3/2020,WA,Pierce,USA
22051-M1043183,8/3/2020,WA,Pierce,USA
22056-M1040612,8/3/2020,WA,Chelan,USA
22057-M1041054,8/3/2020,WA,Chelan,USA
22060-M1041050,8/3/2020,WA,Chelan,USA
22061-T1033325,8/3/2020,WA,King,USA
22077-M1044752,8/3/2020,WA,Pierce,USA
2208-W65936,3/25/2020,WA,King,USA
22080-M1043935,8/3/2020,WA,Pierce,USA
22090-T1044384,8/4/2020,WA,Pierce,USA
22094-M1043819,8/3/2020,WA,Spokane,USA
22096-M1043828,8/3/2020,WA,Spokane,USA
22103-M1043901,8/3/2020,WA,Pierce,USA
22105-L1046657,8/4/2020,WA,King,USA
22112-L1048813,8/4/2020,WA,King,USA
22117-H1055096,8/6/2020,WA,Okanogan,USA
22122-L1053412,8/6/2020,WA,King,USA
22124-H1056839,8/6/2020,WA,Chelan,USA
2213-W65799,3/25/2020,WA,Pierce,USA
22132-L1050867,8/5/2020,WA,King,USA
22137-H1055092,8/6/2020,WA,Okanogan,USA
2214-W65779,3/25/2020,WA,King,USA
22144-L1052427,8/6/2020,WA,King,USA
22148-H1049218,8/5/2020,WA,King,USA
22149-H1055107,8/6/2020,WA,Okanogan,USA
2215-W65760,3/25/2020,WA,King,USA
22151-H1051805,8/6/2020,WA,Chelan,USA
22152-W1054076,8/5/2020,WA,Pierce,USA
22155-H1054046,8/6/2020,WA,Chelan,USA
22157-L1050922,8/5/2020,WA,King,USA
22162-L1050418,8/5/2020,WA,King,USA
22172-L1052151,8/6/2020,WA,King,USA
22173-H1053713,8/6/2020,WA,Okanogan,USA
22175-L1049146,8/5/2020,WA,King,USA
22177-H1053824,8/6/2020,WA,Okanogan,USA
2218-W64849,3/25/2020,WA,Chelan,USA
22180-T1045426,8/4/2020,WA,Spokane,USA
22181-L1052723,8/6/2020,WA,King,USA
22182-W1054065,8/3/2020,WA,Yakima,USA
22184-H1054692,8/6/2020,WA,Chelan,USA
22186-H1056840,8/6/2020,WA,Chelan,USA
2219-W63831,3/25/2020,WA,King,USA
22190-H1054755,8/6/2020,WA,Okanogan,USA
2220-M76549,3/23/2020,WA,Pierce,USA
22201-M1035557,8/3/2020,WA,Chelan,USA
22204-M1036820,8/3/2020,WA,Chelan,USA
22205-X1020373,8/2/2020,WA,Spokane,USA
22207-L1044703,8/3/2020,WA,King,USA
22212-L1044460,8/3/2020,WA,King,USA
22216-L1044600,8/3/2020,WA,King,USA
22217-L1039322,8/1/2020,WA,King,USA
22228-X1021045,8/2/2020,WA,Pierce,USA
22230-L1040865,8/1/2020,WA,King,USA
22233-M1036588,8/3/2020,WA,Chelan,USA
22236-M1040798,8/3/2020,WA,Chelan,USA
22238-M1036656,8/3/2020,WA,Chelan,USA
22240-M1036543,8/3/2020,WA,Chelan,USA
22244-M1035615,8/3/2020,WA,King,USA
22247-L1040651,8/1/2020,WA,King,USA
22248-X1021062,8/2/2020,WA,Pierce,USA
2225-M76534,3/23/2020,WA,Pierce,USA
22253-M1040198,8/3/2020,WA,King,USA
22254-L1039386,8/1/2020,WA,King,USA
22256-M1036693,8/3/2020,WA,Chelan,USA
22258-M1035558,8/3/2020,WA,Chelan,USA
22270-X1021251,8/2/2020,WA,Pierce,USA
22271-M1035150,8/3/2020,WA,Pierce,USA
22273-L1040515,8/1/2020,WA,King,USA
22275-L1039377,8/1/2020,WA,King,USA
22276-F1056981,8/6/2020,OR,Deschutes,USA
22281-L1052353,8/6/2020,WA,King,USA
22286-L1053469,8/6/2020,WA,King,USA
22287-L1053632,8/6/2020,WA,King,USA
22293-L1053089,8/6/2020,WA,King,USA
22294-H1061363,8/6/2020,WA,Pierce,USA
22302-L1053999,8/6/2020,WA,King,USA
22306-L1052016,8/6/2020,WA,King,USA
22312-F1049014,8/3/2020,WA,Spokane,USA
22313-L1054572,8/7/2020,WA,King,USA
22316-L1053953,8/6/2020,WA,King,USA
22318-L1053601,8/6/2020,WA,King,USA
2232-W60751,3/25/2020,WA,Chelan,USA
22327-L1054428,8/7/2020,WA,King,USA
22328-L1054671,8/7/2020,WA,King,USA
22330-L1054587,8/7/2020,WA,King,USA
22331-L1053461,8/6/2020,WA,King,USA
22339-W1053806,8/5/2020,WA,Pierce,USA
2234-T83114,3/24/2020,WA,Pierce,USA
22343-F1060394,8/5/2020,WA,King,USA
22346-F1060253,8/5/2020,WA,King,USA
22348-F1060015,8/5/2020,WA,King,USA
22349-H1060344,8/6/2020,WA,King,USA
2235-T83281,3/24/2020,WA,Pierce,USA
22353-F1060421,8/5/2020,WA,King,USA
22358-F1061314,8/7/2020,WA,Pierce,USA
22360-H1062071,8/6/2020,WA,Pierce,USA
22363-L1059603,8/8/2020,WA,King,USA
22365-L1059348,8/8/2020,WA,King,USA
22370-L1058034,8/8/2020,WA,King,USA
22375-L1055631,8/7/2020,WA,King,USA
22376-L1057214,8/8/2020,WA,King,USA
22382-L1059292,8/8/2020,WA,King,USA
22389-S1032796,8/8/2020,WA,Chelan,USA
22398-L1054944,8/7/2020,WA,King,USA
22399-L1054663,8/7/2020,WA,King,USA
22405-F1061872,8/6/2020,WA,Grant,USA
22407-L1057081,8/8/2020,WA,King,USA
22409-L1057229,8/8/2020,WA,King,USA
22412-S1032737,8/8/2020,WA,Chelan,USA
22415-L1054420,8/7/2020,WA,King,USA
22416-S1034680,8/6/2020,OR,Deschutes,USA
22418-F1061426,8/7/2020,WA,Pierce,USA
22419-F1061414,8/7/2020,WA,Pierce,USA
22422-L1054412,8/7/2020,WA,King,USA
22423-L1057931,8/8/2020,WA,King,USA
22426-F1061583,8/7/2020,WA,King,USA
22429-F1061049,8/7/2020,WA,Pierce,USA
22431-F1059346,8/7/2020,WA,Pierce,USA
22432-F1061413,8/7/2020,WA,Pierce,USA
22436-H1062013,8/6/2020,WA,Pierce,USA
22438-L1051143,8/5/2020,WA,King,USA
22440-W1050999,8/1/2020,WA,King,USA
22444-L1051112,8/5/2020,WA,King,USA
22445-L1049974,8/5/2020,WA,King,USA
22446-W1047914,8/3/2020,OR,Deschutes,USA
22447-H1054526,8/5/2020,WA,Kitsap,USA
22449-L1050283,8/5/2020,WA,King,USA
2245-W63932,3/25/2020,WA,Thurston,USA
22451-W1051472,8/4/2020,WA,King,USA
22452-W1049014,8/3/2020,OR,Deschutes,USA
22454-L1050111,8/5/2020,WA,King,USA
22458-W1051635,8/4/2020,WA,King,USA
22460-L1051347,8/5/2020,WA,King,USA
22468-L1049746,8/5/2020,WA,King,USA
22476-L1050070,8/5/2020,WA,King,USA
22482-W1047536,8/3/2020,OR,Deschutes,USA
22485-T1045050,8/4/2020,WA,Pierce,USA
2249-T82787,3/24/2020,WA,Spokane,USA
22491-W1047465,8/5/2020,WA,Chelan,USA
22493-T1045682,8/4/2020,WA,Spokane,USA
22495-W1045879,8/5/2020,WA,Chelan,USA
2250-T82842,3/24/2020,WA,Spokane,USA
22502-W1042708,8/5/2020,WA,King,USA
22505-W1047328,8/4/2020,WA,Adams,USA
22514-T1045203,8/4/2020,WA,Pierce,USA
22517-T1044954,8/4/2020,WA,Pierce,USA
22521-W1051053,8/4/2020,WA,King,USA
22535-W1047849,8/5/2020,WA,King,USA
22537-W1048365,8/4/2020,WA,Adams,USA
2255-W66517,3/23/2020,ID,Kootenai,USA
2268-M84478,3/30/2020,WA,King,USA
22720-F1059333,8/7/2020,WA,Pierce,USA
22723-F1061516,8/7/2020,WA,King,USA
22731-F1060592,8/7/2020,WA,Pierce,USA
22735-F1061676,8/7/2020,WA,King,USA
22746-F1052641,8/7/2020,WA,Chelan,USA
22747-L1056413,8/7/2020,WA,King,USA
22748-F1052227,8/7/2020,WA,Chelan,USA
22751-L1055331,8/7/2020,WA,King,USA
22752-F1052097,8/7/2020,WA,Chelan,USA
22753-F1052095,8/7/2020,WA,Chelan,USA
22755-F1052226,8/7/2020,WA,Chelan,USA
22756-H1061353,8/6/2020,WA,Pierce,USA
22757-F1061216,8/6/2020,WA,King,USA
22758-H1061824,8/6/2020,WA,Spokane,USA
22762-H1061904,8/6/2020,WA,Spokane,USA
22769-F1050260,8/7/2020,WA,Okanogan,USA
22774-H1061057,8/6/2020,WA,Chelan,USA
2278-H27426,4/16/2020,WA,Pierce,USA
22782-F1054625,8/7/2020,WA,Chelan,USA
22784-H1061776,8/6/2020,WA,Spokane,USA
22791-F1055361,8/7/2020,WA,Spokane,USA
2280-M81172,3/30/2020,WA,Chelan,USA
22804-T1042529,8/4/2020,WA,King,USA
22809-T1038750,8/4/2020,WA,King,USA
22817-W1044025,8/5/2020,WA,King,USA
22827-W1053092,8/5/2020,WA,Pierce,USA
22835-W1047900,8/5/2020,WA,Chelan,USA
22839-W1049408,8/5/2020,WA,Chelan,USA
22847-W1053235,8/4/2020,WA,King,USA
22848-W1053183,8/4/2020,WA,King,USA
22851-W1049115,8/5/2020,WA,Chelan,USA
22852-W1044471,8/5/2020,WA,Okanogan,USA
22854-W1053429,8/5/2020,WA,Thurston,USA
22855-W1048927,8/5/2020,WA,Chelan,USA
22859-W1049784,8/5/2020,WA,Spokane,USA
22864-W1050646,8/5/2020,WA,Chelan,USA
22867-W1052295,8/5/2020,WA,Pierce,USA
22871-H1054819,8/4/2020,OR,Deschutes,USA
22885-H1050577,8/6/2020,WA,King,USA
22892-H1059846,8/6/2020,WA,King,USA
22897-H1060621,8/6/2020,WA,Pierce,USA
22899-H1059544,8/6/2020,WA,Pierce,USA
22900-H1059541,8/6/2020,WA,Pierce,USA
22903-H1052453,8/6/2020,WA,King,USA
22918-T1055769,8/9/2020,OR,Deschutes,USA
22920-T1057436,8/10/2020,WA,King,USA
22922-T1058507,8/11/2020,WA,Kitsap,USA
22927-X1028793,8/9/2020,WA,Pierce,USA
22938-M1051760,8/10/2020,WA,Chelan,USA
22948-M1056794,8/10/2020,WA,Chelan,USA
22951-M1050974,8/10/2020,WA,Chelan,USA
22952-L1060273,8/10/2020,WA,King,USA
22963-L1060136,8/10/2020,WA,King,USA
22972-T1053057,8/10/2020,WA,King,USA
22978-M1058022,8/10/2020,WA,King,USA
22981-M1051678,8/10/2020,WA,Okanogan,USA
22990-M1055851,8/10/2020,WA,Chelan,USA
22993-X1028460,8/9/2020,WA,Pierce,USA
22994-X1028653,8/9/2020,WA,Pierce,USA
22996-X1028473,8/9/2020,WA,Pierce,USA
22998-S1036477,8/8/2020,WA,Pierce,USA
23004-M1056795,8/10/2020,WA,Chelan,USA
2304-M82870,3/30/2020,WA,King,USA
2305-M82892,3/30/2020,WA,King,USA
23124-S1032594,8/8/2020,WA,King,USA
23126-S1030081,8/7/2020,WA,King,USA
23130-S1029913,8/7/2020,WA,Pierce,USA
23152-M1034507,8/3/2020,WA,Okanogan,USA
23164-M1039447,8/3/2020,WA,Chelan,USA
23166-M1039479,8/3/2020,WA,Chelan,USA
2317-M84473,3/30/2020,WA,King,USA
23175-H1059672,8/6/2020,WA,Pierce,USA
23184-H1057501,8/6/2020,WA,Chelan,USA
23193-H1057112,8/6/2020,WA,Spokane,USA
23194-W1052972,8/5/2020,WA,Spokane,USA
23196-H1053768,8/6/2020,WA,Chelan,USA
2320-M84574,3/30/2020,WA,King,USA
23200-H1054663,8/6/2020,WA,Chelan,USA
23206-F1053006,8/7/2020,WA,King,USA
23210-H1061106,8/6/2020,WA,Chelan,USA
23213-F1055893,8/7/2020,WA,King,USA
23234-F1051415,8/7/2020,WA,King,USA
23235-F1051457,8/7/2020,WA,King,USA
23237-H1061729,8/6/2020,WA,Pierce,USA
23245-F1055410,8/7/2020,WA,King,USA
23252-F1057299,8/7/2020,WA,Chelan,USA
23257-F1054162,8/7/2020,WA,Chelan,USA
23266-F1055964,8/7/2020,WA,Chelan,USA
23276-F1056043,8/7/2020,WA,Chelan,USA
23277-L1056089,8/7/2020,WA,King,USA
23278-L1056630,8/7/2020,WA,King,USA
23283-F1060325,8/5/2020,WA,King,USA
23293-F1053238,8/7/2020,WA,Okanogan,USA
23297-F1060476,8/6/2020,WA,King,USA
23299-H1061377,8/6/2020,WA,Pierce,USA
23302-F1056007,8/7/2020,WA,Chelan,USA
23305-L1056614,8/7/2020,WA,King,USA
23308-H1061374,8/6/2020,WA,Pierce,USA
23312-F1056855,8/7/2020,WA,Chelan,USA
23313-F1056939,8/7/2020,WA,Chelan,USA
23330-X1025218,8/9/2020,WA,Pierce,USA
23335-S1034059,8/8/2020,WA,King,USA
23339-S1035430,8/6/2020,OR,Deschutes,USA
23340-F1061093,8/7/2020,WA,Pierce,USA
23342-F1059521,8/7/2020,WA,King,USA
23349-M1036065,8/3/2020,WA,Okanogan,USA
23355-S1032646,8/8/2020,WA,Chelan,USA
23360-M1039344,8/3/2020,WA,Chelan,USA
23365-X1021135,8/2/2020,WA,Pierce,USA
23371-M1059831,8/10/2020,WA,Pierce,USA
23376-X1028853,8/9/2020,WA,Spokane,USA
23378-X1028851,8/9/2020,WA,Spokane,USA
23379-M1052528,8/10/2020,WA,Chelan,USA
23380-M1052531,8/10/2020,WA,Chelan,USA
23384-L1062642,8/10/2020,WA,King,USA
23389-L1061731,8/10/2020,WA,King,USA
23390-T1052404,8/11/2020,WA,King,USA
23391-T1049790,8/11/2020,WA,Pierce,USA
23394-T1051454,8/11/2020,WA,King,USA
23397-M1055952,8/10/2020,WA,Chelan,USA
23400-M1059210,8/10/2020,WA,Pierce,USA
23406-M1055657,8/10/2020,WA,Chelan,USA
23410-L1062723,8/10/2020,WA,King,USA
23414-X1028852,8/9/2020,WA,Spokane,USA
23415-M1059178,8/10/2020,WA,Pierce,USA
23422-M1055991,8/10/2020,WA,Chelan,USA
23423-X1028891,8/9/2020,WA,Spokane,USA
23426-M1055988,8/10/2020,WA,Chelan,USA
23429-M1055186,8/10/2020,WA,Chelan,USA
23430-M1056202,8/10/2020,WA,Spokane,USA
23431-T1059598,8/11/2020,WA,Thurston,USA
2344-X13498,4/18/2020,WA,Pierce,USA
23445-M1059863,8/10/2020,WA,Pierce,USA
23461-M1060075,8/10/2020,WA,Pierce,USA
23464-M1059781,8/10/2020,WA,Pierce,USA
23467-L1063495,8/10/2020,WA,King,USA
23468-L1066396,8/11/2020,WA,King,USA
23476-L1066607,8/11/2020,WA,King,USA
23477-M1060367,8/10/2020,WA,Pierce,USA
23481-L1065345,8/11/2020,WA,King,USA
23483-M1060458,8/10/2020,WA,Pierce,USA
23487-L1066526,8/11/2020,WA,King,USA
23488-T1052895,8/11/2020,WA,Chelan,USA
23489-T1052900,8/11/2020,WA,Chelan,USA
23490-T1052861,8/11/2020,WA,Chelan,USA
23498-T1054281,8/11/2020,WA,Chelan,USA
23501-T1056521,8/11/2020,WA,Chelan,USA
23510-T1056564,8/11/2020,WA,Chelan,USA
23511-T1056606,8/11/2020,WA,Chelan,USA
23526-L1061816,8/10/2020,WA,King,USA
23530-M1060095,8/10/2020,WA,Pierce,USA
23531-W1065195,8/12/2020,WA,Chelan,USA
23533-W1065192,8/12/2020,WA,Chelan,USA
23538-W1065405,8/12/2020,WA,Chelan,USA
23549-W1064623,8/10/2020,OR,Deschutes,USA
23555-T1051618,8/11/2020,WA,Okanogan,USA
23556-T1052248,8/11/2020,WA,Okanogan,USA
23562-L1063423,8/10/2020,WA,King,USA
23564-L1066414,8/11/2020,WA,King,USA
23566-L1065869,8/11/2020,WA,King,USA
23571-L1062965,8/10/2020,WA,King,USA
23576-M1059751,8/10/2020,WA,Pierce,USA
23579-T1051693,8/11/2020,WA,King,USA
23582-M1059931,8/10/2020,WA,Pierce,USA
23594-T1059240,8/11/2020,WA,Jefferson,USA
23596-L1067608,8/11/2020,WA,King,USA
23597-M1059853,8/10/2020,WA,Pierce,USA
23600-T1051911,8/11/2020,WA,King,USA
23606-L1063494,8/10/2020,WA,King,USA
2369-T85064,3/31/2020,WA,Pierce,USA
23691-S1036034,8/8/2020,WA,Pierce,USA
2374-M85709,3/30/2020,WA,Pierce,USA
23752-M1054338,8/10/2020,WA,King,USA
23756-X1028771,8/9/2020,WA,Pierce,USA
23782-F1070238,8/14/2020,WA,Chelan,USA
23804-F1069068,8/14/2020,WA,Okanogan,USA
2386-M85770,3/30/2020,WA,Pierce,USA
24020-H1067156,8/13/2020,WA,King,USA
2414-S42511,4/18/2020,WA,Chelan,USA
24191-F1075871,8/14/2020,WA,Thurston,USA
2425-T86670,3/28/2020,ID,Twin Falls,USA
2428-X14755,4/19/2020,WA,King,USA
2430-X14713,4/19/2020,WA,King,USA
24322-F1072941,8/13/2020,WA,King,USA
2435-T86817,3/28/2020,CT,Fairfield,USA
24373-S1043197,8/14/2020,WA,King,USA
24378-S1042936,8/13/2020,OR,Deschutes,USA
2441-T86875,3/28/2020,CT,Fairfield,USA
24556-L1081639,8/17/2020,WA,King,USA
24557-L1081020,8/17/2020,WA,King,USA
2462-T87465,3/29/2020,CT,Fairfield,USA
2465-T87516,3/29/2020,CT,Fairfield,USA
2466-T87526,3/30/2020,CT,Fairfield,USA
2469-T87546,3/30/2020,CT,Fairfield,USA
2473-T87641,3/29/2020,CT,Fairfield,USA
24736-X1034409,8/16/2020,WA,King,USA
2475-T87671,3/30/2020,CT,Fairfield,USA
24775-H1069216,8/13/2020,WA,Chelan,USA
24785-H1071585,8/13/2020,WA,King,USA
24786-H1069217,8/13/2020,WA,Chelan,USA
24787-H1071236,8/13/2020,WA,Chelan,USA
24793-H1066079,8/13/2020,WA,King,USA
24798-H1069054,8/13/2020,WA,Chelan,USA
2480-T88001,3/28/2020,ID,Ada,USA
24802-H1072955,8/11/2020,WA,King,USA
24809-W1068464,8/12/2020,WA,King,USA
24839-W1064137,8/12/2020,WA,Chelan,USA
2487-T88307,3/30/2020,CT,Fairfield,USA
24887-M1053618,8/10/2020,WA,King,USA
24890-M1055704,8/10/2020,WA,King,USA
24891-M1052862,8/10/2020,WA,King,USA
24901-T1058981,8/11/2020,WA,Pierce,USA
24906-T1055394,8/11/2020,WA,Chelan,USA
24908-T1056821,8/11/2020,WA,Chelan,USA
24910-T1059379,8/12/2020,WA,King,USA
24920-W1059785,8/12/2020,WA,King,USA
24925-W1060794,8/12/2020,WA,King,USA
24928-W1066090,8/12/2020,WA,King,USA
24930-W1066677,8/12/2020,WA,King,USA
24935-T1059406,8/11/2020,WA,Pierce,USA
24937-M1060325,8/10/2020,WA,Spokane,USA
24941-T1059401,8/11/2020,WA,Pierce,USA
24943-W1068246,8/12/2020,WA,Thurston,USA
24946-T1059089,8/11/2020,WA,Pierce,USA
24954-H1065091,8/13/2020,WA,King,USA
24958-L1067253,8/11/2020,WA,King,USA
2526-M80234,3/30/2020,WA,King,USA
2532-M80025,3/30/2020,WA,King,USA
2540-F10609,3/30/2020,WA,King,USA
2541-M80121,3/30/2020,WA,King,USA
2551-M80207,3/30/2020,WA,King,USA
2565-M79182,3/30/2020,WA,King,USA
2566-M79378,3/30/2020,WA,King,USA
2572-M77792,3/28/2020,WA,Kitsap,USA
2595-X81015,3/29/2020,WA,Pierce,USA
2599-X81030,3/29/2020,WA,Pierce,USA
2603-X81051,3/29/2020,WA,Pierce,USA
2606-M80279,3/30/2020,WA,King,USA
2608-X81063,3/29/2020,WA,Snohomish,USA
2609-X81068,3/29/2020,WA,Snohomish,USA
2618-M80245,3/30/2020,WA,King,USA
26488-M1093875,8/31/2020,WA,King,USA
26489-T1102502,9/1/2020,WA,King,USA
26490-T1097680,9/1/2020,WA,King,USA
26491-M1101110,9/1/2020,WA,King,USA
26493-M1103606,8/31/2020,WA,King,USA
26495-T1099221,9/1/2020,WA,King,USA
2651-M81778,3/29/2020,WA,Kitsap,USA
2663-X81111,3/29/2020,WA,Kitsap,USA
2665-M82168,3/30/2020,WA,King,USA
267-T51581,3/9/2020,WA,King,USA
2670-M82290,3/30/2020,WA,King,USA
2674-M82387,3/27/2020,CT,Fairfield,USA
2676-M82456,3/28/2020,CT,Fairfield,USA
2679-W15112,4/22/2020,WA,King,USA
26846-T1103302,9/1/2020,WA,King,USA
26847-T1096502,9/1/2020,WA,King,USA
26848-T1096678,9/1/2020,WA,King,USA
26849-T1093743,9/1/2020,WA,King,USA
26850-T1095974,9/1/2020,WA,King,USA
26851-T1096167,9/1/2020,WA,King,USA
26852-W1103656,9/2/2020,WA,King,USA
26853-W1102635,9/2/2020,WA,King,USA
26854-W1102620,9/2/2020,WA,King,USA
26855-T1096777,9/1/2020,WA,King,USA
26856-T1096088,9/1/2020,WA,King,USA
26857-T1102500,9/1/2020,WA,King,USA
26858-T1097037,9/1/2020,WA,King,USA
26859-T1097101,9/1/2020,WA,King,USA
26860-T1095855,9/1/2020,WA,King,USA
26861-T1097814,9/1/2020,WA,King,USA
26862-T1097080,9/1/2020,WA,King,USA
26863-T1097708,9/1/2020,WA,King,USA
26864-H1110645,9/3/2020,WA,King,USA
26865-W1112543,9/2/2020,WA,King,USA
26866-W1102693,9/2/2020,WA,King,USA
26867-W1106363,9/2/2020,WA,King,USA
26868-W1103184,9/2/2020,WA,King,USA
26869-M1097280,9/1/2020,WA,King,USA
2700-W17634,4/22/2020,WA,King,USA
27030-M1108936,9/7/2020,WA,King,USA
27031-M1107894,9/6/2020,WA,Pierce,USA
27032-M1107832,9/6/2020,WA,Pierce,USA
27033-M1107845,9/6/2020,WA,Pierce,USA
27034-M1107810,9/7/2020,WA,King,USA
27035-X1058152,9/6/2020,WA,King,USA
27038-X1056870,9/6/2020,WA,King,USA
27042-F1119599,9/4/2020,WA,King,USA
27043-F1119598,9/4/2020,WA,King,USA
27044-F1119600,9/4/2020,WA,King,USA
27045-F1118227,9/4/2020,WA,King,USA
27046-F1118666,9/4/2020,WA,Grays Harbor,USA
2725-M84645,3/30/2020,WA,King,USA
2729-W14390,4/22/2020,WA,King,USA
2730-M84722,3/30/2020,WA,King,USA
2736-W19168,4/22/2020,WA,King,USA
2737-W18886,4/22/2020,WA,King,USA
2743-W91919,4/15/2020,WA,King,USA
2744-W90111,4/15/2020,WA,King,USA
27496-H1116168,9/4/2020,WA,King,USA
27497-H1114264,9/3/2020,WA,King,USA
27498-H1113205,9/3/2020,WA,King,USA
27499-W1107181,9/3/2020,WA,King,USA
27500-H1114771,9/3/2020,WA,King,USA
27501-H1122733,9/3/2020,WA,King,USA
27502-M1110296,9/7/2020,WA,King,USA
2767-F13106,3/27/2020,WA,Pierce,USA
2778-S23252,3/28/2020,WA,King,USA
2780-W93033,4/15/2020,WA,King,USA
2781-X79419,3/29/2020,WA,King,USA
2795-W90941,4/15/2020,WA,King,USA
2814-W91499,4/15/2020,no container ID,no container ID,USA
2816-F13114,3/27/2020,WA,Pierce,USA
2818-F13117,3/27/2020,WA,Pierce,USA
2820-W93927,4/15/2020,no container ID,no container ID,USA
2834-W91475,4/15/2020,no container ID,no container ID,USA
2837-W91300,4/15/2020,no container ID,no container ID,USA
2849-W91462,4/15/2020,no container ID,no container ID,USA
2862-X78957,3/29/2020,WA,King,USA
2868-W91437,4/15/2020,no container ID,no container ID,USA
2872-X79239,3/29/2020,WA,King,USA
2877-X79382,3/29/2020,WA,King,USA
2890-W94343,4/15/2020,no container ID,no container ID,USA
2910-X80136,3/29/2020,WA,Snohomish,USA
2916-X80356,3/29/2020,WA,King,USA
2929-X80903,3/29/2020,WA,Skagit,USA
2937-X78097,3/29/2020,WA,King,USA
2940-S22720,3/28/2020,WA,King,USA
2943-H83384,3/26/2020,WA,Pierce,USA
2960-H83336,3/26/2020,WA,Pierce,USA
2961-H83369,3/26/2020,WA,Pierce,USA
2964-H83388,3/26/2020,WA,Pierce,USA
2971-F93619,3/27/2020,WA,Snohomish,USA
2976-H83506,3/26/2020,WA,King,USA
2980-F94447,3/27/2020,WA,Snohomish,USA
2982-F94710,3/27/2020,WA,King,USA
2983-F94773,3/27/2020,WA,Snohomish,USA
2986-F94828,3/27/2020,WA,King,USA
2987-F10027,3/27/2020,WA,Spokane,USA
29895-X1085810,10/4/2020,WA,King,USA
29896-F1168406,10/2/2020,WA,King,USA
29897-S1102782,10/3/2020,WA,King,USA
29898-S1104696,10/4/2020,WA,King,USA
29899-F1175256,10/2/2020,WA,King,USA
29900-S1103623,10/3/2020,WA,King,USA
2997-F11282,3/27/2020,WA,King,USA
3001-F11796,3/27/2020,WA,Snohomish,USA
3002-F11797,3/27/2020,WA,Snohomish,USA
3007-F11889,3/27/2020,WA,Snohomish,USA
3008-F12014,3/27/2020,WA,King,USA
3009-F12040,3/27/2020,WA,King,USA
3012-F12088,3/27/2020,WA,King,USA
3024-F12754,3/26/2020,WA,King,USA
3026-F12761,3/26/2020,WA,King,USA
3030-F12782,3/26/2020,WA,Island,USA
3036-F12833,3/25/2020,ID,Ada,USA
3041-F12864,3/27/2020,WA,Island,USA
3046-F12867,3/27/2020,WA,Island,USA
3048-F12869,3/27/2020,WA,Island,USA
3052-S20126,3/27/2020,WA,Island,USA
3060-S20199,3/27/2020,WA,Island,USA
3078-S20916,3/28/2020,WA,King,USA
3094-S21455,3/27/2020,CT,Fairfield,USA
3100-S21488,3/27/2020,CT,Fairfield,USA
3108-S21559,3/27/2020,CT,Fairfield,USA
3109-S21557,3/27/2020,CT,Fairfield,USA
3114-S21604,3/27/2020,CT,Fairfield,USA
3118-S21632,3/27/2020,CT,Fairfield,USA
3119-S21636,3/26/2020,CT,Fairfield,USA
3120-S21647,3/27/2020,CT,Fairfield,USA
3123-S21660,3/27/2020,CT,Fairfield,USA
3125-S21668,3/27/2020,CT,Fairfield,USA
3127-S21696,3/27/2020,CT,Fairfield,USA
3129-S21729,3/27/2020,CT,Fairfield,USA
3140-S21832,3/26/2020,CT,Fairfield,USA
3141-S21834,3/28/2020,WA,King,USA
3146-H24927,4/16/2020,no container ID,no container ID,USA
3158-S22580,3/28/2020,WA,King,USA
3167-S22625,3/28/2020,WA,Snohomish,USA
3172-S22872,3/26/2020,ID,Ada,USA
3177-S22996,3/28/2020,WA,Snohomish,USA
3183-S22994,3/26/2020,ID,Ada,USA
3186-S23021,3/28/2020,WA,Snohomish,USA
3188-S23087,3/27/2020,WA,Clark,USA
3202-S23329,3/26/2020,Unknown,Unknown,USA
3247-S24801,3/28/2020,WA,Skagit,USA
3259-F94984,3/27/2020,WA,King,USA
3265-F94306,3/27/2020,WA,King,USA
3269-F94625,3/27/2020,WA,King,USA
3336-H83071,3/26/2020,WA,King,USA
3369-F92873,3/27/2020,WA,King,USA
3413-F10594,3/26/2020,WA,Adams,USA
3416-F10973,3/25/2020,ID,Ada,USA
3417-F11020,3/26/2020,CT,Fairfield,USA
3425-F11192,3/25/2020,CT,Fairfield,USA
3450-F11502,3/26/2020,CT,Fairfield,USA
3465-F11577,3/26/2020,CT,Fairfield,USA
3470-F11615,3/26/2020,CT,Fairfield,USA
3493-F12535,3/27/2020,WA,King,USA
3497-F12573,3/27/2020,WA,King,USA
3500-F12618,3/27/2020,WA,King,USA
3515-H80224,3/26/2020,WA,King,USA
3519-H74342,3/26/2020,WA,King,USA
3521-H80961,3/26/2020,WA,King,USA
3529-H75738,3/26/2020,WA,King,USA
3539-H79056,3/26/2020,WA,King,USA
3560-W61610,3/25/2020,WA,Snohomish,USA
3570-T83322,3/24/2020,WA,Pierce,USA
3584-W65945,3/25/2020,WA,Snohomish,USA
3592-T43455,4/28/2020,WA,King,USA
3607-W66823,3/25/2020,WA,Island,USA
3611-W66830,3/25/2020,WA,Pierce,USA
3613-T43253,4/28/2020,WA,King,USA
3616-T44345,4/28/2020,WA,King,USA
3630-W21797,4/29/2020,WA,Pierce,USA
3632-W66969,3/25/2020,WA,Pierce,USA
3634-H77398,3/25/2020,WA,Skagit,USA
3662-H79132,3/25/2020,WA,Skagit,USA
3685-M39131,4/27/2020,WA,Pierce,USA
3692-H81024,3/25/2020,CT,Fairfield,USA
3783-W23111,4/29/2020,WA,King,USA
3809-H81303,3/26/2020,WA,King,USA
3810-H81039,3/26/2020,WA,King,USA
3812-H83101,3/26/2020,WA,King,USA
3814-H83086,3/26/2020,WA,King,USA
3815-F92487,3/27/2020,WA,King,USA
3816-F92639,3/26/2020,WA,King,USA
3826-H81516,3/26/2020,WA,Snohomish,USA
3827-H82982,3/26/2020,WA,King,USA
3828-W67119,3/25/2020,WA,Pierce,USA
3829-W66981,3/25/2020,WA,Pierce,USA
3832-F92567,3/26/2020,WA,King,USA
3833-H81049,3/26/2020,WA,King,USA
3834-H81618,3/26/2020,WA,Snohomish,USA
3838-F90802,3/26/2020,WA,Pierce,USA
3839-H82123,3/26/2020,WA,Snohomish,USA
3841-H81075,3/26/2020,WA,King,USA
3843-F90577,3/27/2020,WA,King,USA
3844-W67147,3/25/2020,WA,Pierce,USA
3845-H81233,3/25/2020,CT,Fairfield,USA
3849-H80932,3/26/2020,WA,King,USA
3850-H81079,3/26/2020,WA,King,USA
3853-H82867,3/27/2020,WA,King,USA
3855-H81823,3/26/2020,WA,Snohomish,USA
3858-H80088,3/26/2020,WA,King,USA
3862-H79351,3/26/2020,WA,King,USA
3868-H81066,3/25/2020,WA,King,USA
3871-H82935,3/26/2020,WA,Pierce,USA
3874-H82519,3/24/2020,ID,Kootenai,USA
3878-H81490,3/26/2020,WA,King,USA
3880-H79276,3/26/2020,WA,King,USA
3881-W67112,3/25/2020,WA,Pierce,USA
3883-F93162,3/27/2020,WA,King,USA
3889-F11611,3/27/2020,WA,King,USA
3892-F10685,3/26/2020,ID,Ada,USA
3895-F10987,3/27/2020,WA,King,USA
3899-F92993,3/27/2020,WA,King,USA
3900-F10885,3/27/2020,WA,King,USA
3903-F12031,3/27/2020,WA,King,USA
3904-F11491,3/27/2020,WA,King,USA
3908-F11503,3/27/2020,WA,King,USA
3911-F11629,3/27/2020,WA,Snohomish,USA
3917-F11341,3/27/2020,WA,King,USA
3918-F11351,3/27/2020,WA,King,USA
3923-F12562,3/27/2020,WA,Skagit,USA
393-W41899,3/11/2020,WA,King,USA
3932-F12772,3/27/2020,WA,King,USA
3935-F12551,3/27/2020,WA,Skagit,USA
3939-S20142,3/27/2020,WA,King,USA
3940-S20127,3/27/2020,WA,Snohomish,USA
3941-S20735,3/27/2020,WA,King,USA
3942-S20171,3/27/2020,WA,King,USA
3946-S20307,3/27/2020,WA,King,USA
3949-S21045,3/28/2020,WA,King,USA
3950-S20785,3/27/2020,WA,Whatcom,USA
3951-S20999,3/28/2020,WA,King,USA
3954-S21189,3/27/2020,WA,King,USA
3959-S20645,3/27/2020,WA,Whatcom,USA
3963-M85263,3/30/2020,WA,King,USA
3964-T90437,3/31/2020,WA,King,USA
3969-T91259,3/31/2020,WA,Pierce,USA
3972-X80051,3/29/2020,Unknown,Unknown,USA
3973-X79867,3/29/2020,WA,King,USA
3975-X79533,3/29/2020,WA,King,USA
3979-X78434,3/29/2020,WA,King,USA
3982-X79282,3/29/2020,WA,King,USA
3983-X79316,3/29/2020,WA,King,USA
3985-X78255,3/29/2020,WA,King,USA
3988-X77869,3/29/2020,WA,King,USA
3989-S25004,3/28/2020,WA,Snohomish,USA
3990-X78961,3/29/2020,WA,Snohomish,USA
3992-X80301,3/29/2020,WA,King,USA
3994-S25053,3/28/2020,WA,King,USA
3996-S25050,3/28/2020,WA,King,USA
3997-X80287,3/29/2020,WA,King,USA
4004-S25020,3/28/2020,WA,Snohomish,USA
4009-X80738,3/29/2020,WA,Snohomish,USA
4011-X80842,3/29/2020,WA,King,USA
4014-S24988,3/28/2020,WA,Pierce,USA
4015-S24912,3/28/2020,WA,Pierce,USA
4019-M77846,3/29/2020,WA,King,USA
4021-X80959,3/29/2020,WA,Skagit,USA
4024-M77806,3/29/2020,WA,King,USA
4025-M77794,3/29/2020,WA,King,USA
4026-X80949,3/29/2020,WA,King,USA
4031-X80508,3/29/2020,WA,King,USA
4032-X77912,3/29/2020,WA,King,USA
4035-S24914,3/28/2020,WA,Pierce,USA
4038-M78339,3/29/2020,WA,Pierce,USA
4039-X80100,3/29/2020,WA,Spokane,USA
4041-M77795,3/29/2020,WA,King,USA
4046-S24968,3/28/2020,WA,Pierce,USA
4051-W72127,4/1/2020,WA,King,USA
4052-W75706,4/1/2020,WA,King,USA
4058-W74559,4/1/2020,WA,King,USA
4061-W75495,4/1/2020,WA,King,USA
4065-W74919,4/1/2020,WA,King,USA
4067-W74629,4/1/2020,WA,King,USA
4068-W74491,4/1/2020,WA,King,USA
4082-T88604,4/1/2020,WA,King,USA
4089-W70190,4/1/2020,WA,King,USA
4097-W70012,4/1/2020,WA,King,USA
4100-T91955,3/29/2020,ID,Ada,USA
4105-T93126,3/31/2020,WA,King,USA
4109-T92875,3/31/2020,WA,Skagit,USA
4111-T92847,3/31/2020,WA,Skagit,USA
4114-T92712,3/31/2020,WA,King,USA
4117-T92904,3/31/2020,WA,King,USA
4118-T92906,3/31/2020,WA,King,USA
4127-W68505,3/31/2020,WA,King,USA
4130-T92908,3/31/2020,WA,King,USA
4180-W70075,4/1/2020,WA,King,USA
4188-T87076,3/31/2020,WA,King,USA
4197-T92841,3/31/2020,WA,Snohomish,USA
4210-T90070,3/31/2020,WA,King,USA
4213-T90095,3/31/2020,WA,King,USA
4217-T91294,3/31/2020,WA,King,USA
4221-T91993,3/31/2020,WA,King,USA
4224-T92114,3/31/2020,WA,King,USA
4225-T92165,3/31/2020,WA,King,USA
4226-T92175,3/31/2020,WA,King,USA
4227-T92306,3/31/2020,WA,Snohomish,USA
4228-T92391,3/31/2020,WA,King,USA
4237-W72162,3/30/2020,CT,Fairfield,USA
4238-W72190,3/30/2020,CT,Fairfield,USA
4239-W72198,3/30/2020,ID,Ada,USA
4243-W72343,4/1/2020,WA,King,USA
4244-W72378,3/31/2020,CT,Fairfield,USA
4250-W72747,3/30/2020,ID,Ada,USA
4251-W72881,3/31/2020,CT,Fairfield,USA
4254-W73922,3/30/2020,ID,Ada,USA
4255-W73933,3/30/2020,ID,Ada,USA
4266-W69553,3/30/2020,ID,Twin Falls,USA
4270-T92998,3/31/2020,WA,Pierce,USA
4279-T93067,3/31/2020,WA,Pierce,USA
4281-T93077,3/31/2020,WA,Pierce,USA
4289-T93112,3/31/2020,WA,Pierce,USA
4290-T93113,3/31/2020,WA,Pierce,USA
4291-T93114,3/31/2020,WA,Pierce,USA
4292-T93115,3/31/2020,WA,Pierce,USA
4296-T93131,3/31/2020,WA,Pierce,USA
4300-W70781,3/31/2020,OR,Deschutes,USA
4303-T93156,3/31/2020,WA,Pierce,USA
4307-W71430,3/31/2020,ID,Ada,USA
4308-W71467,3/30/2020,ID,Ada,USA
4315-T90617,3/31/2020,WA,King,USA
4316-T90349,3/31/2020,WA,King,USA
4317-S22932,3/31/2020,WA,King,USA
4318-T87888,3/31/2020,WA,San Juan,USA
4324-M85971,3/30/2020,WA,King,USA
4325-T85880,3/31/2020,WA,King,USA
4326-T90370,3/31/2020,WA,King,USA
4329-X81187,3/29/2020,WA,Pierce,USA
4330-T89177,3/31/2020,WA,King,USA
4331-M86056,3/30/2020,WA,Pierce,USA
4335-M85511,3/30/2020,WA,King,USA
4337-M85939,3/30/2020,WA,King,USA
4338-M85941,3/30/2020,WA,King,USA
4340-M85979,3/30/2020,WA,King,USA
4341-T86862,3/30/2020,CT,Fairfield,USA
4343-T86956,3/30/2020,CT,Fairfield,USA
4344-T86991,3/30/2020,CT,Fairfield,USA
4345-T87029,3/30/2020,CT,Fairfield,USA
4346-T87052,3/30/2020,CT,Fairfield,USA
4347-T87078,3/30/2020,CT,Fairfield,USA
4348-T87129,3/30/2020,CT,Fairfield,USA
4354-T87379,3/27/2020,ID,Ada,USA
4355-T87398,3/27/2020,ID,Ada,USA
4357-T87416,3/27/2020,ID,Ada,USA
4366-T88157,3/30/2020,CT,Fairfield,USA
4370-T88217,3/31/2020,WA,King,USA
4372-T88241,3/30/2020,CT,Fairfield,USA
4375-T88308,3/28/2020,ID,Ada,USA
4376-T88352,3/27/2020,ID,Ada,USA
4380-T88725,3/27/2020,ID,Ada,USA
4383-T88874,3/29/2020,ID,Twin Falls,USA
4388-T89140,3/29/2020,OR,Deschutes,USA
4396-T89252,3/28/2020,ID,Twin Falls,USA
4400-T89291,3/28/2020,ID,Ada,USA
4402-T89419,3/29/2020,ID,Ada,USA
4404-M86092,3/30/2020,WA,Pierce,USA
4406-T89578,3/31/2020,WA,King,USA
4407-T90457,3/31/2020,WA,King,USA
4409-T89625,3/30/2020,OR,Deschutes,USA
4410-T89672,3/29/2020,OR,Deschutes,USA
4413-T89822,3/31/2020,WA,King,USA
4414-T89846,3/31/2020,WA,King,USA
4417-T89996,3/28/2020,ID,Ada,USA
4418-T90043,3/28/2020,ID,Ada,USA
4424-T90459,3/29/2020,ID,Ada,USA
4427-T90625,3/30/2020,ID,Ada,USA
4433-T90805,3/27/2020,ID,Ada,USA
4434-S53892,5/2/2020,WA,King,USA
4448-T91225,3/29/2020,ID,Ada,USA
4461-T91486,3/29/2020,ID,Ada,USA
4462-T91496,3/29/2020,ID,Ada,USA
4486-T92132,3/29/2020,ID,Ada,USA
4499-T90317,3/31/2020,WA,King,USA
4500-T90510,3/31/2020,WA,King,USA
4538-X79831,3/29/2020,WA,King,USA
4541-X78049,3/28/2020,WA,Pierce,USA
4543-X78827,3/28/2020,WA,Pierce,USA
4545-X79544,3/29/2020,WA,King,USA
4546-T90923,3/31/2020,WA,Pierce,USA
4547-T91415,3/29/2020,ID,Ada,USA
4549-T91160,3/31/2020,WA,Skagit,USA
4550-T91006,3/29/2020,ID,Ada,USA
4552-T91080,3/29/2020,ID,Ada,USA
4555-T90928,3/31/2020,WA,Skagit,USA
4562-T85427,3/30/2020,WA,Skagit,USA
4563-M84999,3/30/2020,WA,Snohomish,USA
4564-T85435,3/30/2020,WA,Skagit,USA
4565-M82407,3/30/2020,WA,Snohomish,USA
4568-X81153,3/29/2020,WA,King,USA
4569-T92728,3/31/2020,WA,Snohomish,USA
4570-T86290,3/31/2020,WA,King,USA
4572-T86839,3/31/2020,WA,King,USA
4578-T92899,3/31/2020,WA,King,USA
4579-T91084,3/31/2020,WA,King,USA
4580-T90357,3/31/2020,WA,King,USA
4581-T92711,3/31/2020,WA,Snohomish,USA
4582-T92425,3/31/2020,WA,King,USA
4583-W68410,3/31/2020,WA,King,USA
4585-T91448,3/31/2020,WA,King,USA
4588-T90451,3/31/2020,WA,King,USA
4589-W68497,4/1/2020,WA,King,USA
4591-T90950,3/31/2020,WA,King,USA
4592-T92364,3/31/2020,WA,King,USA
4593-T91658,3/31/2020,WA,King,USA
4594-T91625,3/31/2020,WA,King,USA
4595-T92163,3/30/2020,ID,Ada,USA
4597-T91384,3/30/2020,ID,Ada,USA
4598-T91365,3/30/2020,ID,Ada,USA
4599-X81131,3/29/2020,WA,King,USA
4600-T91055,3/29/2020,ID,Ada,USA
4601-T91468,3/29/2020,ID,Ada,USA
4602-T91838,3/31/2020,WA,King,USA
4603-T91777,3/31/2020,WA,King,USA
4608-H81601,3/26/2020,WA,Island,USA
4609-H81711,3/26/2020,WA,Island,USA
4611-H82405,3/26/2020,WA,King,USA
4612-H82431,3/26/2020,WA,King,USA
4614-H76465,3/26/2020,WA,King,USA
4615-H79208,3/26/2020,WA,King,USA
4616-H79685,3/26/2020,WA,King,USA
4617-H81659,3/26/2020,WA,King,USA
4618-X77937,3/28/2020,WA,King,USA
4619-X76739,3/29/2020,WA,King,USA
4620-X77561,3/29/2020,WA,King,USA
4623-X77331,3/29/2020,WA,King,USA
4627-X78472,3/29/2020,WA,King,USA
4630-X79782,3/28/2020,WA,Skagit,USA
4632-X79126,3/28/2020,WA,King,USA
4633-X79558,3/29/2020,WA,King,USA
4640-X79847,3/29/2020,WA,King,USA
4643-M90823,4/6/2020,WA,King,USA
4646-M89088,4/6/2020,WA,King,USA
4649-M92879,4/6/2020,WA,King,USA
4657-M92080,4/6/2020,WA,King,USA
4659-M92830,4/6/2020,WA,King,USA
4660-M92682,4/6/2020,WA,King,USA
4663-M92760,4/6/2020,WA,King,USA
4664-M93420,4/6/2020,WA,King,USA
4676-M87960,4/5/2020,WA,Pierce,USA
4677-M87886,4/5/2020,WA,Pierce,USA
4678-M87933,4/5/2020,WA,King,USA
4682-M89348,4/6/2020,WA,King,USA
4684-M89275,4/6/2020,WA,King,USA
4688-F17184,4/6/2020,WA,King,USA
4690-M90283,4/6/2020,WA,King,USA
4698-M90228,4/6/2020,WA,King,USA
4703-M78246,3/29/2020,WA,King,USA
4705-M93707,4/6/2020,WA,King,USA
4707-M93644,4/6/2020,WA,King,USA
4725-M94856,4/6/2020,WA,King,USA
4726-T11096,4/6/2020,WA,King,USA
4727-T11187,4/6/2020,WA,King,USA
4730-M94271,4/6/2020,WA,Snohomish,USA
4732-X80208,3/29/2020,WA,Spokane,USA
4734-S22197,3/28/2020,WA,King,USA
4740-F10442,3/27/2020,WA,King,USA
4741-W64843,3/25/2020,WA,King,USA
4744-F12081,3/27/2020,WA,King,USA
4746-F10435,3/27/2020,WA,King,USA
4747-S20773,3/26/2020,WA,King,USA
4748-S23126,3/28/2020,WA,King,USA
4749-S22838,3/28/2020,WA,King,USA
4752-S23666,3/28/2020,WA,King,USA
4754-S24158,3/28/2020,WA,Snohomish,USA
4755-S24179,3/28/2020,WA,Snohomish,USA
4757-S23404,3/28/2020,WA,King,USA
4758-S23660,3/28/2020,WA,King,USA
4759-S23768,3/28/2020,WA,King,USA
4760-S23839,3/28/2020,WA,King,USA
4763-F13129,3/27/2020,WA,Pierce,USA
4765-S21227,3/28/2020,WA,King,USA
4766-S22505,3/28/2020,WA,King,USA
4769-F13038,3/27/2020,WA,Pierce,USA
4770-F12980,3/27/2020,WA,Pierce,USA
4776-F13160,3/27/2020,WA,Spokane,USA
4777-F12987,3/27/2020,WA,Pierce,USA
4779-X77961,3/29/2020,WA,King,USA
4892-T17290,4/7/2020,WA,King,USA
4897-W79434,4/8/2020,WA,King,USA
4917-T18162,4/7/2020,WA,King,USA
4921-T19623,4/7/2020,WA,King,USA
4931-W77727,4/8/2020,WA,King,USA
4999-T17160,4/7/2020,WA,Spokane,USA
5011-T19903,4/7/2020,WA,Pierce,USA
5016-T15781,4/7/2020,WA,King,USA
5025-T18479,4/7/2020,WA,King,USA
5026-T17857,4/7/2020,WA,King,USA
5034-W83849,4/8/2020,no container ID,no container ID,USA
5036-W80340,4/7/2020,CT,Fairfield,USA
5038-W81523,4/6/2020,CT,Fairfield,USA
5043-W81521,4/6/2020,CT,Fairfield,USA
506-W45770,3/11/2020,WA,King,USA
5065-W82601,4/8/2020,WA,King,USA
5073-W80664,4/6/2020,CT,Fairfield,USA
5086-W80615,4/6/2020,CT,Fairfield,USA
5095-W77468,4/8/2020,WA,King,USA
5104-T15524,4/5/2020,CT,Fairfield,USA
5136-W75983,4/1/2020,WA,Spokane,USA
5144-H92466,4/2/2020,WA,King,USA
5152-H92483,4/2/2020,WA,King,USA
5158-H91238,4/2/2020,WA,King,USA
5161-H91221,4/2/2020,WA,King,USA
5164-H91130,4/2/2020,WA,King,USA
5166-H91189,4/2/2020,WA,King,USA
5169-H91387,4/2/2020,WA,King,USA
5170-H91083,4/2/2020,WA,King,USA
5172-H89657,4/2/2020,WA,King,USA
5177-H85006,4/1/2020,WA,Pierce,USA
5178-H84987,4/1/2020,WA,King,USA
5181-H87641,4/2/2020,WA,King,USA
5182-H90262,4/2/2020,WA,King,USA
5184-H83652,4/2/2020,WA,King,USA
5189-W76497,4/1/2020,WA,Pierce,USA
5190-W76490,4/1/2020,WA,Pierce,USA
5192-H87720,4/2/2020,WA,King,USA
5194-H86776,4/1/2020,WA,King,USA
5201-W73713,4/2/2020,WA,King,USA
5203-H90396,4/1/2020,WA,King,USA
5205-H90297,4/2/2020,WA,King,USA
5231-H11785,4/9/2020,no container ID,no container ID,USA
524-H62246,3/12/2020,WA,King,USA
5251-H12723,4/9/2020,no container ID,no container ID,USA
5255-W84660,4/8/2020,no container ID,no container ID,USA
5358-X82516,4/4/2020,WA,King,USA
5359-X82961,4/5/2020,WA,King,USA
5361-X84169,4/5/2020,WA,King,USA
5364-X83618,4/5/2020,WA,King,USA
5369-X83477,4/5/2020,WA,King,USA
5371-X84227,4/5/2020,WA,King,USA
5382-X82996,4/5/2020,WA,King,USA
5388-X83973,4/5/2020,WA,King,USA
5397-X85236,4/5/2020,WA,Snohomish,USA
5400-X84279,4/5/2020,WA,Pierce,USA
5403-H81645,3/25/2020,WA,King,USA
5428-H82244,3/26/2020,WA,Snohomish,USA
5429-H76473,3/26/2020,WA,King,USA
5455-W64062,3/24/2020,WA,King,USA
5595-W81212,4/7/2020,CT,Fairfield,USA
5596-W81011,4/7/2020,CT,Fairfield,USA
5599-W81156,4/7/2020,CT,Fairfield,USA
5606-W80777,4/8/2020,WA,King,USA
5617-W83916,4/8/2020,WA,King,USA
5620-W83805,4/8/2020,no container ID,no container ID,USA
5622-W84731,4/8/2020,no container ID,no container ID,USA
5629-W83850,4/8/2020,WA,King,USA
5670-H18089,4/9/2020,WA,King,USA
5687-H17106,4/9/2020,no container ID,no container ID,USA
5714-M92017,4/6/2020,WA,Snohomish,USA
5717-T11249,4/6/2020,WA,Snohomish,USA
5731-T11555,4/6/2020,WA,Grays Harbor,USA
5732-T11396,4/6/2020,WA,King,USA
5737-T11243,4/6/2020,WA,King,USA
5738-T12085,4/6/2020,WA,Pierce,USA
5746-T13293,4/7/2020,WA,King,USA
5747-T13692,4/7/2020,WA,King,USA
5749-T15241,4/4/2020,CT,Fairfield,USA
5750-M10124,4/6/2020,WA,Pierce,USA
5754-T15344,4/5/2020,CT,Fairfield,USA
5756-T13406,4/7/2020,WA,King,USA
5763-T15444,4/5/2020,CT,Fairfield,USA
5764-T14956,4/5/2020,CT,Fairfield,USA
5765-T15163,4/6/2020,CT,Fairfield,USA
5770-T15423,4/4/2020,CT,Fairfield,USA
5772-T14740,4/4/2020,CT,Fairfield,USA
5773-T14602,4/4/2020,CT,Fairfield,USA
5775-T14138,4/4/2020,CT,Fairfield,USA
5776-T14628,4/7/2020,WA,King,USA
5780-M10177,4/6/2020,WA,Pierce,USA
5781-M10168,4/6/2020,WA,Pierce,USA
5812-T88040,3/31/2020,WA,King,USA
5847-T88421,3/31/2020,WA,King,USA
5860-T90452,3/31/2020,WA,King,USA
5879-T20001,4/7/2020,WA,Pierce,USA
5884-T19989,4/7/2020,WA,Pierce,USA
5888-T18554,4/5/2020,ID,Twin Falls,USA
5911-T15996,4/7/2020,WA,Chelan,USA
5932-T17068,4/7/2020,WA,King,USA
5947-T19218,4/7/2020,WA,Skagit,USA
6162-W71077,4/1/2020,WA,King,USA
6164-W75256,4/1/2020,WA,King,USA
6170-W75912,4/1/2020,WA,King,USA
6178-W73912,4/1/2020,WA,King,USA
6179-W70896,4/1/2020,WA,King,USA
6181-W74380,4/1/2020,WA,King,USA
6183-W75595,4/1/2020,WA,King,USA
6184-W75432,4/1/2020,WA,King,USA
6185-W75027,4/1/2020,WA,King,USA
6186-W75531,4/1/2020,WA,King,USA
6187-W75054,4/1/2020,WA,King,USA
6190-W73756,4/1/2020,WA,King,USA
6204-W74317,4/1/2020,WA,Snohomish,USA
6211-W76536,4/1/2020,WA,Pierce,USA
6213-W73545,4/1/2020,WA,Snohomish,USA
6219-W76605,4/1/2020,WA,Pierce,USA
6222-H88115,4/1/2020,ID,Ada,USA
6238-W76699,4/1/2020,WA,King,USA
6240-W76322,4/1/2020,WA,King,USA
6241-W76334,4/1/2020,WA,King,USA
6242-H87868,4/2/2020,WA,King,USA
6243-H88791,4/2/2020,WA,King,USA
6244-H87897,4/2/2020,WA,King,USA
6245-H89103,4/1/2020,CT,Fairfield,USA
6251-H89794,4/1/2020,CT,Fairfield,USA
6259-H90039,4/1/2020,CT,Fairfield,USA
6270-H89460,4/1/2020,CT,Fairfield,USA
6271-H89383,4/1/2020,CT,Fairfield,USA
6273-H89296,4/1/2020,CT,Fairfield,USA
6274-H89423,4/1/2020,CT,Fairfield,USA
6288-H89625,4/1/2020,CT,Fairfield,USA
6302-H90797,4/2/2020,WA,Skagit,USA
6314-H90709,4/1/2020,CT,Fairfield,USA
6315-H91720,4/2/2020,WA,King,USA
6321-H89914,4/2/2020,WA,King,USA
6327-H91490,4/2/2020,WA,Snohomish,USA
6331-W76729,4/1/2020,WA,Snohomish,USA
6335-H92829,4/2/2020,WA,Pierce,USA
6339-H92732,4/2/2020,WA,Pierce,USA
6343-H92865,4/2/2020,WA,Pierce,USA
6348-F18169,4/1/2020,ID,Ada,USA
6349-F17926,4/1/2020,ID,Ada,USA
6350-F17880,4/1/2020,ID,Ada,USA
6351-H92719,4/2/2020,WA,Pierce,USA
6353-H92714,4/2/2020,WA,Pierce,USA
6356-F15620,4/3/2020,WA,King,USA
6361-F18317,4/1/2020,CT,Fairfield,USA
6362-F18085,4/2/2020,CT,Fairfield,USA
6365-F17786,4/1/2020,ID,Ada,USA
6367-F19093,4/1/2020,ID,Ada,USA
6369-F18838,4/1/2020,CT,Fairfield,USA
6377-F18089,4/2/2020,ID,Ada,USA
6379-F18486,4/1/2020,CT,Fairfield,USA
6380-F17628,4/1/2020,CT,Fairfield,USA
6383-F19607,4/1/2020,ID,Ada,USA
6385-F18337,4/1/2020,CT,Fairfield,USA
6389-F19503,4/3/2020,WA,King,USA
6399-F19382,4/3/2020,WA,King,USA
6400-F21440,4/3/2020,WA,King,USA
6403-F21329,4/3/2020,WA,Snohomish,USA
6404-F21363,4/3/2020,WA,King,USA
6406-F21437,4/3/2020,WA,King,USA
6408-F21353,4/3/2020,WA,King,USA
6410-F21315,4/3/2020,WA,King,USA
6413-F21394,4/3/2020,WA,King,USA
6417-F18055,4/3/2020,WA,King,USA
6424-F20253,4/3/2020,WA,Snohomish,USA
6438-F21380,4/3/2020,WA,Snohomish,USA
6439-F18736,4/3/2020,WA,King,USA
6441-F18720,4/3/2020,WA,King,USA
6442-F21375,4/3/2020,WA,Snohomish,USA
6446-F20163,4/2/2020,ID,Ada,USA
6448-F20215,4/2/2020,ID,Ada,USA
6453-S27551,4/2/2020,ID,Ada,USA
6454-S27669,4/3/2020,ID,Ada,USA
6455-S27570,4/2/2020,ID,Twin Falls,USA
6457-S28374,4/3/2020,ID,Twin Falls,USA
6461-S28854,4/2/2020,ID,Ada,USA
6463-S28064,4/2/2020,ID,Ada,USA
6464-S28336,4/2/2020,ID,Ada,USA
6466-S29433,4/2/2020,ID,Twin Falls,USA
6467-S29442,4/2/2020,ID,Twin Falls,USA
6468-S28997,4/2/2020,ID,Ada,USA
6469-S28855,4/2/2020,ID,Ada,USA
6470-S28162,4/2/2020,ID,Twin Falls,USA
6472-S28476,4/2/2020,ID,Ada,USA
6473-S29341,4/2/2020,ID,Twin Falls,USA
6478-X83256,4/5/2020,WA,King,USA
6480-F22226,4/3/2020,WA,Pierce,USA
6481-F22291,4/3/2020,WA,Pierce,USA
6483-S30863,4/4/2020,WA,Snohomish,USA
6484-X84689,4/5/2020,WA,Skagit,USA
6485-X84628,4/5/2020,WA,Skagit,USA
6486-X83589,4/4/2020,WA,Kitsap,USA
6496-F22301,4/3/2020,WA,Pierce,USA
6497-F22248,4/3/2020,WA,Pierce,USA
650-F78537,3/13/2020,CT,Fairfield,USA
6501-F22249,4/3/2020,WA,Pierce,USA
6502-F22261,4/3/2020,WA,Pierce,USA
6504-X83603,4/5/2020,WA,King,USA
6507-S30866,4/4/2020,WA,Snohomish,USA
6511-S30727,4/4/2020,WA,Pierce,USA
6514-S30721,4/4/2020,WA,Pierce,USA
6516-S30853,4/4/2020,WA,Pierce,USA
6520-S30803,4/4/2020,WA,Pierce,USA
6525-S30820,4/4/2020,WA,Pierce,USA
6526-X84203,4/5/2020,WA,Chelan,USA
6527-X84299,4/5/2020,WA,Chelan,USA
6528-X83882,4/5/2020,WA,Chelan,USA
6535-S30782,4/4/2020,WA,Pierce,USA
6543-S30768,4/4/2020,WA,Pierce,USA
6546-S30833,4/4/2020,WA,Pierce,USA
6547-S30754,4/4/2020,WA,Pierce,USA
6548-S30825,4/4/2020,WA,Pierce,USA
6550-F22521,4/3/2020,WA,Spokane,USA
6559-X85636,4/5/2020,WA,Pierce,USA
6560-X85632,4/5/2020,WA,Pierce,USA
6562-X85660,4/5/2020,WA,Pierce,USA
6563-M90219,4/2/2020,CT,Fairfield,USA
6564-M90968,4/2/2020,CT,Fairfield,USA
6565-M89954,4/2/2020,CT,Fairfield,USA
6566-M91079,4/3/2020,CT,Fairfield,USA
6568-M90825,4/2/2020,CT,Fairfield,USA
6569-M90660,4/2/2020,CT,Fairfield,USA
6571-M91189,4/3/2020,CT,Fairfield,USA
6572-M90777,4/3/2020,CT,Fairfield,USA
6573-M90131,4/2/2020,CT,Fairfield,USA
6574-M89802,4/3/2020,CT,Fairfield,USA
6576-M90128,4/2/2020,CT,Fairfield,USA
6577-M89995,4/2/2020,CT,Fairfield,USA
6582-M90016,4/2/2020,CT,Fairfield,USA
6585-X85709,4/5/2020,WA,Pierce,USA
6586-M90054,4/2/2020,CT,Fairfield,USA
6587-M89818,4/3/2020,CT,Fairfield,USA
6589-X85666,4/5/2020,WA,Pierce,USA
6590-M89701,4/3/2020,CT,Fairfield,USA
6591-X85697,4/5/2020,WA,Pierce,USA
6592-M89869,4/3/2020,CT,Fairfield,USA
6594-M90178,4/2/2020,CT,Fairfield,USA
6596-M89433,4/6/2020,WA,Pierce,USA
6601-X85698,4/5/2020,WA,Pierce,USA
6603-M89747,4/3/2020,CT,Fairfield,USA
6605-X85701,4/5/2020,WA,Pierce,USA
6615-H17425,4/9/2020,WA,Snohomish,USA
6663-S35237,4/11/2020,WA,King,USA
6671-S35278,4/11/2020,WA,Snohomish,USA
6684-S33698,4/9/2020,CT,Fairfield,USA
6688-S36528,4/11/2020,WA,King,USA
6691-S33886,4/10/2020,CT,Fairfield,USA
6692-S34136,4/9/2020,CT,Fairfield,USA
6698-S36523,4/11/2020,WA,King,USA
6701-S33695,4/11/2020,WA,King,USA
6706-S36543,4/11/2020,WA,King,USA
6709-S33796,4/10/2020,CT,Fairfield,USA
6716-S36507,4/11/2020,WA,King,USA
6718-S35052,4/11/2020,WA,King,USA
6722-S31941,4/11/2020,WA,King,USA
6750-F31221,4/10/2020,WA,King,USA
6758-F26928,4/9/2020,CT,Fairfield,USA
6762-F25323,4/10/2020,WA,King,USA
6765-F29911,4/10/2020,WA,King,USA
6767-F29717,4/10/2020,WA,King,USA
6780-F27494,4/9/2020,CT,Fairfield,USA
6790-F27854,4/8/2020,CT,Fairfield,USA
6806-F27375,4/10/2020,WA,King,USA
6807-F27569,4/9/2020,CT,Fairfield,USA
6817-F27171,4/10/2020,WA,King,USA
6818-F28855,4/9/2020,WA,King,USA
6820-F29886,4/10/2020,WA,King,USA
6822-F29150,4/10/2020,WA,King,USA
6971-M84036,3/30/2020,WA,King,USA
6976-M85626,3/30/2020,WA,Skagit,USA
6980-M85614,3/30/2020,WA,Pierce,USA
6985-M85629,3/30/2020,WA,Skagit,USA
6990-M83003,3/30/2020,WA,King,USA
7006-M94105,4/6/2020,WA,King,USA
7007-M94108,4/6/2020,WA,King,USA
7011-M92575,4/6/2020,WA,King,USA
7012-M93059,4/6/2020,WA,King,USA
7013-M94280,4/6/2020,WA,King,USA
7016-M94410,4/6/2020,WA,King,USA
7022-M94136,4/6/2020,WA,King,USA
7040-M94341,4/6/2020,WA,Snohomish,USA
7070-M10274,4/6/2020,CT,Fairfield,USA
7093-X90165,4/12/2020,WA,Snohomish,USA
7106-X87640,4/12/2020,WA,King,USA
7115-X88714,4/12/2020,WA,King,USA
7128-S36710,4/11/2020,WA,Pierce,USA
7142-X87759,4/12/2020,WA,King,USA
7158-S36216,4/11/2020,WA,King,USA
7160-X87788,4/11/2020,WA,King,USA
7164-S36778,4/11/2020,WA,Pierce,USA
7166-M12960,4/13/2020,WA,King,USA
7167-M15139,4/13/2020,no container ID,no container ID,USA
7178-W79924,4/13/2020,WA,King,USA
7187-M17243,4/13/2020,no container ID,no container ID,USA
7188-M17359,4/13/2020,WA,King,USA
7196-M17335,4/13/2020,no container ID,no container ID,USA
7204-M17680,4/13/2020,no container ID,no container ID,USA
7214-M17849,4/13/2020,no container ID,no container ID,USA
7220-M18405,4/13/2020,no container ID,no container ID,USA
7227-M16900,4/13/2020,no container ID,no container ID,USA
7228-M17266,4/13/2020,no container ID,no container ID,USA
7230-M17390,4/13/2020,no container ID,no container ID,USA
7231-M18440,4/13/2020,no container ID,no container ID,USA
7235-X90429,4/12/2020,WA,King,USA
7236-F30946,4/10/2020,WA,King,USA
7237-M16846,4/13/2020,WA,King,USA
7242-T15053,4/7/2020,WA,King,USA
7257-T15181,4/5/2020,CT,Fairfield,USA
7260-T15308,4/6/2020,CT,Fairfield,USA
7265-T15445,4/5/2020,CT,Fairfield,USA
7266-T15454,4/4/2020,CT,Fairfield,USA
7270-T15558,4/4/2020,CT,Fairfield,USA
7281-T16232,4/4/2020,CT,Fairfield,USA
7283-T16321,4/4/2020,ID,Ada,USA
7285-T16412,4/4/2020,CT,Fairfield,USA
7290-T16756,4/4/2020,CT,Fairfield,USA
7291-T16938,4/4/2020,ID,Ada,USA
7306-T17495,4/4/2020,ID,Twin Falls,USA
7308-T18532,4/4/2020,ID,Ada,USA
7399-T21388,4/14/2020,WA,King,USA
7417-T23255,4/14/2020,no container ID,no container ID,USA
7424-T24252,4/14/2020,no container ID,no container ID,USA
7428-T27848,4/14/2020,no container ID,no container ID,USA
7434-T25369,4/14/2020,no container ID,no container ID,USA
7435-T25663,4/14/2020,no container ID,no container ID,USA
7449-T28188,4/14/2020,no container ID,no container ID,USA
7455-W87675,4/15/2020,no container ID,no container ID,USA
7473-T26669,4/14/2020,no container ID,no container ID,USA
7670-S40755,4/17/2020,WA,King,USA
7675-S39888,4/18/2020,WA,King,USA
7677-S40549,4/18/2020,WA,King,USA
7745-M20657,4/19/2020,WA,King,USA
7756-M21604,4/20/2020,no container ID,no container ID,USA
7763-X14266,4/20/2020,WA,King,USA
7764-X14270,4/20/2020,WA,King,USA
7770-M23604,4/20/2020,no container ID,no container ID,USA
7776-M26145,4/19/2020,WA,King,USA
7777-M26345,4/19/2020,WA,King,USA
7781-M26557,4/20/2020,no container ID,no container ID,USA
7794-M27332,4/20/2020,no container ID,no container ID,USA
7882-T32447,4/21/2020,WA,King,USA
8008-H33061,4/23/2020,WA,King,USA
8012-H30233,4/23/2020,WA,King,USA
8046-F45160,4/24/2020,WA,King,USA
8065-F46422,4/24/2020,WA,King,USA
808-S93838,3/14/2020,WA,King,USA
811-X68302,3/15/2020,WA,King,USA
8146-S45383,4/25/2020,WA,King,USA
8150-S45944,4/25/2020,WA,King,USA
8158-S46276,4/25/2020,WA,King,USA
8165-S46914,4/25/2020,WA,King,USA
8317-M34217,4/27/2020,WA,King,USA
8330-M36072,4/27/2020,WA,King,USA
8370-T51858,4/28/2020,WA,Pierce,USA
8418-F61468,5/1/2020,WA,King,USA
8421-F51456,5/1/2020,WA,King,USA
8422-F60381,5/1/2020,WA,King,USA
8423-F60087,5/1/2020,WA,King,USA
8431-F51461,5/1/2020,WA,King,USA
8437-H49178,4/30/2020,WA,Pierce,USA
8510-M45753,5/4/2020,WA,King,USA
8511-M44778,5/4/2020,WA,King,USA
8518-M48634,5/4/2020,WA,King,USA
8526-M50136,5/4/2020,WA,King,USA
8527-M49678,5/4/2020,WA,King,USA
8550-T56257,5/5/2020,WA,King,USA
8636-W35030,5/6/2020,WA,King,USA
8638-W37133,5/2/2020,WA,King,USA
8686-W36234,5/6/2020,WA,King,USA
8694-W37510,5/6/2020,WA,King,USA
8698-W36809,5/6/2020,WA,King,USA
8800-T61603,5/7/2020,WA,King,USA
8803-H59185,5/6/2020,WA,King,USA
8813-H52350,5/7/2020,WA,King,USA
8824-F64586,5/7/2020,WA,King,USA
8831-H57717,5/8/2020,WA,King,USA
8845-F72695,5/8/2020,WA,King,USA
8851-F73487,5/8/2020,WA,King,USA
8860-S60393,5/9/2020,WA,King,USA
8872-S62450,5/9/2020,WA,Pierce,USA
8873-S60206,5/9/2020,WA,King,USA
8876-S62974,5/9/2020,WA,King,USA
9014-T70691,5/12/2020,WA,King,USA
9016-T69186,5/12/2020,WA,King,USA
9018-T66695,5/12/2020,WA,King,USA
9032-X30708,5/10/2020,WA,King,USA
9054-M59630,5/11/2020,WA,King,USA
9068-M58360,5/11/2020,WA,King,USA
9069-M60238,5/11/2020,WA,King,USA
9190-S65580,5/15/2020,WA,Yakima,USA
9195-F80026,5/15/2020,WA,Okanogan,USA
9210-H65217,5/14/2020,WA,King,USA
9214-H72318,5/14/2020,WA,King,USA
9227-H73708,5/14/2020,WA,Pierce,USA
9228-H73710,5/14/2020,WA,Pierce,USA
9229-H73769,5/13/2020,WA,King,USA
9230-H73657,5/14/2020,WA,King,USA
9233-F78325,5/15/2020,WA,King,USA
9235-H65151,5/15/2020,WA,King,USA
9244-F84816,5/15/2020,WA,King,USA
9266-F85521,5/15/2020,WA,King,USA
9299-H65890,5/14/2020,WA,King,USA
9301-F86264,5/15/2020,WA,King,USA
9308-F80435,5/15/2020,WA,King,USA
9333-H73862,5/13/2020,WA,King,USA
9338-H73832,5/13/2020,WA,King,USA
9339-H73863,5/13/2020,WA,King,USA
9346-S68175,5/15/2020,OR,Deschutes,USA
9352-S66533,5/16/2020,WA,King,USA
9361-F87016,5/15/2020,WA,Pierce,USA
9362-F86926,5/15/2020,WA,Pierce,USA
9390-S70475,5/16/2020,WA,Pierce,USA
9407-X36266,5/17/2020,WA,King,USA
9422-M68120,5/18/2020,WA,King,USA
9439-M74658,5/18/2020,WA,King,USA
9500-M75983,5/18/2020,WA,King,USA
9504-M74532,5/18/2020,WA,Chelan,USA
9520-M77128,5/18/2020,WA,Pierce,USA
9532-T85758,5/19/2020,WA,Chelan,USA
9533-T85761,5/19/2020,WA,Chelan,USA
9551-T88771,5/19/2020,WA,Pierce,USA
9553-W57223,5/19/2020,WA,Yakima,USA
9568-W61763,5/17/2020,WA,King,USA
9569-W58458,5/20/2020,WA,King,USA
9578-W65570,5/20/2020,WA,King,USA
9579-H67417,5/20/2020,WA,King,USA
9580-W63408,5/20/2020,WA,King,USA
9600-F90274,5/22/2020,WA,King,USA
966-X68766,3/15/2020,WA,Snohomish,USA
970-S11921,3/13/2020,CT,Fairfield,USA
9755-M81935,5/25/2020,WA,Chelan,USA
9798-X43765,5/24/2020,WA,Pierce,USA
9819-T16757,5/26/2020,WA,King,USA
